aluminium	ammonia	arsenic	barium	cadmium	chloramine	chromium	copper	fluoride	bacteria	viruses	lead	nitrates	nitrites	mercury	perchlorate	radium	selenium	silver	uranium	is_safe
1.37	0.61	0.66	1.15	0.11	4.8	0.38	1.5	0.92	0.44	0.004	0.184	10.34	1.34	0.007	48.62	4.07	0.04	0.11	0.08	0
0.04	18.84	0.05	1.92	0	0.08	0.04	1	0.09	0	0.91	0.103	4.52	0.97	0.006	2.23	0.04	0.03	0.02	0.05	0
0.06	2.05	0.05	2.76	0.008	0.83	0.54	0.28	0.93	0	0	0.175	17.17	1.58	0.003	46	4.85	0.01	0.27	0.02	1
0.09	21.16	0.07	0.28	0	0.04	0.01	0.1	1.07	0.22	0.004	0.089	16.82	0.91	0.01	2.1	0.07	0.07	0.04	0	0
0.1	22.55	0.07	0.7	0.04	0.01	0.07	0.02	0.57	0	0.6	0.146	0.14	0.6	0.01	1.3	4.85	0.07	0.04	0.03	0
0.12	14.13	0.04	3.88	0.007	0.71	0.48	0.18	0.74	0.19	0.005	0.112	17.75	1.62	0.008	33.01	4.51	0.06	0.05	0.02	1
0.09	12.26	0.04	3.61	0.001	3.58	0.47	0.13	1.29	0.82	0.82	0.072	12.75	1.37	0.006	32.48	1.45	0.02	0.31	0.04	1
0.05	23.94	0.08	1.76	0.09	0.09	0.07	1.63	1.35	0.69	0.69	0.02	0.71	1.62	0.009	10.91	1.61	0.06	0.01	0.05	0
0.02	20.07	0.06	0.76	0.05	0.14	0.01	1.71	1.35	0.85	0.85	0.1	12.71	1.21	0.005	0.41	2.87	0.01	0.09	0.09	0
0.08	18.95	0.07	0.27	0.08	0.1	0.01	1.92	1.36	0.94	0.94	0.128	7.7	1.61	0.008	7.17	0.02	0.07	0.04	0.03	0
0.03	0.09	0.001	1.03	0.002	5.47	0.54	1.95	0.56	0.94	0.94	0.006	15.78	2	0.009	25.95	4.31	0.01	0.06	0.01	1
0.09	1.48	0.1	2.86	0.06	0.05	0	0.66	0.88	0	0.68	0.113	18.34	1.98	0.002	0.08	0.69	0.01	0.1	0.05	0
0.27	3.43	0.04	1.78	0.005	4.56	0.52	1.83	1.3	0.12	0.003	0.129	7.29	1.14	0.007	10.95	5.13	0.07	0.44	0.08	0
0.07	9.65	0.04	0.38	0.02	0.55	0.02	0.06	0.03	0.1	0.001	0.137	13.43	0.73	0.001	5.15	0.98	0	0.04	0.05	0
0.01	18.67	0.05	0.47	0.07	0.3	0.06	0.02	0.84	0	0.001	0.165	13.2	0.35	0.009	0.29	0.74	0.01	0.06	0.01	0
0.02	0.8	0.35	0.84	0.03	2.89	0.52	0.05	1.35	0.05	0.008	0.059	7.38	1.47	0.003	15.68	1.7	0.03	0.04	0.03	1
0.01	23.34	0.04	3.39	0.002	2.67	0.46	0.4	0.88	0.59	0.59	0.118	6.4	1.63	0.003	36.62	1.75	0.02	0.23	0.06	0
2.37	2	0.83	3.33	0.06	3.63	0.4	1.71	1.4	0	0.95	0.025	10.25	2.56	0.007	3.22	6.07	0.04	0.19	0.08	0
2.58	25.46	0.04	1.37	0.001	5.42	0.73	1.76	0.63	0.91	0.91	0.139	6.11	1.84	0.007	31.02	5.87	0.05	0.01	0.06	0
1.21	29.27	0.76	1.75	0.06	2.73	0.44	0.9	0.28	0.19	0.001	0.059	10.58	1.97	0.006	46.96	2.08	0.06	0.5	0.08	0
0.1	17.04	0.08	0.64	0.05	0.72	0.06	0.57	1.44	0	0.003	0.092	7.89	0.2	0.009	0.21	0.92	0.02	0.04	0.07	1
2.09	11.94	0.29	3.84	0.11	3.28	0.32	0.63	1.12	0.41	0.002	0.185	7.79	1.28	0.005	31.91	5.34	0.08	0.29	0	0
0.15	28.46	0.01	2.88	0.007	6.62	0.17	0.75	1.29	0.18	0.001	0.134	12.33	1.12	0.005	41	3.39	0.08	0.4	0.05	0
0.06	9.74	0.01	3.58	0.001	6.71	0.16	1.53	1.17	0.43	0.007	0.091	14.04	1	0.009	55.11	0.54	0.03	0.39	0.04	0
3.56	21.75	0.04	1.29	0.007	4.49	0.08	1.65	0.03	0	0	0.067	5.56	1.64	0.001	7	2.73	0.03	0.19	0	1
0	25.96	0.01	0.48	0.02	0.06	0.04	0.1	1.1	0	0.001	0.036	17.78	0.12	0.001	0.48	3.23	0.02	0.01	0	0
0.01	4.14	0.07	0.37	0.1	0.18	0.02	0.67	0.75	0.08	0.001	0.034	4.54	1.58	0.008	0.47	0.95	0.07	0.08	0.07	0
0.08	7.25	0.07	0.05	0.08	0.08	0.01	0.69	1.32	0.62	0.62	0.103	14.75	0.75	0.01	2.85	2.72	0.06	0.05	0	0
0.08	2.98	0.15	3.85	0.1	7.46	0.29	0.05	0.47	0.54	0.54	0.001	5.5	2.61	0.006	8.2	0.8	0.04	0.4	0.03	0
0.01	26.59	0.04	0.75	0.08	0.04	0.04	0.07	0.03	0	0.004	0.055	5.22	0.18	0	7.07	0.97	0.09	0.08	0.05	1
0.04	-0.01	0.33	1.63	0.09	5.57	0.54	0.05	0.56	0.94	0.94	0.001	15.95	2.19	0.009	29.09	4.31	0.01	0.06	0.01	1
0.06	0.97	0.05	3.01	0.01	0.09	0.04	1.05	0.31	0	0	0.17	7.5	1.93	0.001	0.21	2.25	0.04	0.09	0.06	0
0.06	26.57	0.01	0.23	0.02	0.05	0.03	0.78	0.33	0	0.5	0.18	17.4	0.94	0.002	10.61	0.41	0	0.02	0.02	0
0.05	29.74	0.47	0.79	0.05	5.3	0.08	0.09	0.69	0.77	0.77	0.11	0.85	1.33	0.003	33.74	3.34	0.06	0.48	0.04	0
2.5	9.49	0.03	3.44	0.003	0.51	0.08	0.16	0.39	0	0	0.037	17.2	1.21	0.005	22.13	4.07	0.02	0.41	0.06	1
0.97	27.27	0.89	4.27	0.06	6.08	0.67	0.65	0.96	0.84	0.84	0.188	17.5	1.95	0.001	49.87	2.57	0.04	0.21	0.02	0
0.07	5.33	0.04	0.3	0.09	0.07	0.03	0.02	0.04	0.76	0.76	0.198	10.81	1.47	0.006	0.92	0.2	0.06	0.1	0.02	0
0.09	2.21	0.01	1.39	0.1	0.04	0.08	1.79	0.59	0	0.008	0.03	13.12	0.77	0.006	2.13	2.47	0.08	0.09	0.04	0
2.36	27.05	0.01	0.68	0.003	4.07	0.13	1.34	0.29	0.96	0.96	0.167	15.05	1.92	0.002	56.32	7.99	0.06	0.5	0.06	0
2.68	9.61	0.02	1.32	0.007	2.89	0.69	0.16	0.87	0.67	0.67	0.18	11.22	1.65	0.003	28.47	7.28	0.07	0.12	0.01	1
0.59	13.72	0.04	1.28	0.007	6.69	0.17	0.57	1.33	1	1	0.065	16.76	1.17	0.004	2.43	5.45	0.08	0.48	0.08	1
0.05	5.48	0.02	0.55	0.07	0	0.04	0.99	0.8	0.37	0.002	0.148	17.98	0.08	0.002	9.95	2.62	0.06	0.07	0.01	0
3.49	24.03	0.01	3	0.006	0.29	0.74	1.63	1.35	0.69	0.69	0.02	0.71	1.62	0.009	52.69	3.66	0.06	0.26	0.05	0
0.01	2.68	0.05	0.8	0.02	0.12	0.03	1.77	1.43	0.97	0.97	0.118	2.84	0.71	0.002	11.63	5.11	0.03	0.02	0	0
3.1	5.61	0.56	1.74	0.02	4.27	0.01	0.85	0.24	0	0.001	0.021	12.41	1.63	0.004	13.12	0.18	0.02	0.18	0.05	0
0.1	17.54	0.05	2.42	0.005	2.2	0.3	0.27	0.61	0.65	0.65	0.137	7.77	1.94	0	12.93	0.41	0.02	0.2	0.06	0
0.06	13.22	0.04	2.29	0.007	2.34	0.82	1.74	0.52	0.2	0.003	0.105	3.1	1.28	0.009	10.16	6.85	0.01	0.15	0.07	0
0.1	16.37	0.02	0.81	0.06	0.29	0	0.82	1.24	0	0.83	0.109	5.14	0.81	0.01	0.42	0.57	0.03	0.07	0.01	0
0.06	28.49	0.08	0.36	0.08	0.45	0.01	1.25	1.34	0.79	0.79	0.037	6.62	0.62	0.01	2.67	2	0.05	0.03	0.08	0
1.41	8.61	0.56	4.39	0.1	3.93	0.49	1.53	1.04	0	0	0.064	14.68	2.08	0.007	43.72	5.56	0	0.03	0.08	0
0.09	25.41	0.02	0.91	0.01	0.56	0.07	0.03	0.13	0	0.008	0.019	12.39	0.59	0.003	3.89	0.19	0.02	0.04	0.04	0
2.3	7.7	0.84	1.64	0.04	1.85	0.16	0.99	0.08	0.52	0.52	0.022	12.85	2.42	0.009	16.57	5.84	0.05	0.41	0.07	0
0.02	0.51	0.05	1.47	0.05	0.07	0.07	1.23	0.86	0.87	0.87	0.019	16.37	1.7	0.007	0.31	0.94	0.01	0.08	0.08	0
1.42	18.12	0.02	4.52	0.13	0.29	0.45	1.98	0.28	0	0.89	0.11	9.77	1.44	0.007	28.12	1.86	0.02	0.16	0.03	0
0.05	0.37	0.1	0.07	0.03	0.45	0.01	0.03	1.05	0	0.003	0.076	11.5	0.6	0.01	0.77	2.72	0.07	0.09	0.05	0
0.04	14.93	0.04	0.86	0.09	0.62	0.05	0.72	1.45	0	0	0.11	17.31	1.63	0.008	4.64	5.95	0.02	0.01	0.08	0
0.01	10	0.01	2	0	2	0	0.09	0	0	0	0	0	0	0	0	0	0	0	0	1
0.03	13.56	0.06	0.88	0.03	0.17	0.06	0.56	0.8	0.29	0.001	0.186	2.84	1.37	0	4.6	3.84	0.08	0.09	0.08	0
0.06	23.22	0.09	1	0.09	0.02	0.04	0.09	0.12	0	0.52	0.121	10.85	0.33	0.002	3.24	3.36	0.08	0.09	0.01	0
0.04	14.64	0.06	0.19	0.02	0.63	0.09	1.71	0.65	0.64	0.64	0.12	3.24	0.96	0.002	3.35	0.09	0.05	0.08	0.04	0
0.03	12.22	0.03	0.48	0.05	0.13	0.05	0.09	0.11	0	0	0.003	1.68	0.97	0.004	4.03	0.25	0.05	0.07	0.09	0
0.05	27.99	0.05	2.28	0.1	0.48	0	1.23	1.48	0.57	0.57	0.106	6.4	1.03	0.005	1.25	4.36	0.09	0.02	0.04	0
0.02	26.81	0.05	0.47	0.02	0.21	0.01	1.99	0.22	0	0.008	0.085	4.16	1.54	0.008	5.03	0.55	0.09	0.07	0.03	0
0.71	9.9	0.04	1.4	0.003	3.45	0.69	0.32	0.66	0.3	0.006	0.123	1.73	1.61	0.002	35.17	0.66	0.04	0.05	0.03	1
3.08	8.83	0.05	2.24	0.003	4.77	0.03	1.11	0.36	0.27	0.006	0.189	16.25	1.56	0.01	3.77	7.81	0.01	0.21	0.05	1
0.06	12.55	0.03	0.23	0.06	0.08	0.01	1.58	1.21	0	0	0.104	4.73	1.67	0.009	4.05	0.94	0.1	0.04	0.01	0
0	6.95	0.87	2.93	0.09	7.44	0.19	0.06	0.64	0.46	0.002	0.074	8.15	1.8	0.002	12.31	6.56	0.07	0.12	0.05	0
0.03	16.56	0.06	0.49	0.09	0.04	0.03	0.02	0.86	0	0.002	0.113	0.23	0.21	0.01	2.62	0.98	0.08	0.05	0.03	1
0.01	28.6	0.08	0.51	0.01	0.04	0.03	1.61	1.39	0.09	0.005	0.043	16.24	0.04	0	6	1.93	0.04	0.05	0.05	0
0.06	19.94	0.09	3.05	0.09	0.5	0.02	1.94	0.8	0	0.004	0.124	13.13	0.23	0.01	5.18	0.22	0.01	0.05	0.04	0
0	1.58	0.05	1.18	0.05	0.45	0.06	1.9	1.18	0	0.007	0.112	16.13	0.76	0.003	5.53	0.31	0.05	0.01	0.05	0
2.05	1.57	0.03	2.06	0.005	4.74	0.14	0.49	1.39	0.75	0.75	0.064	5.43	1.53	0.009	21.35	6.31	0.09	0.23	0.06	1
0.09	14.98	0.07	0.89	0	0.03	0.07	0.06	1.03	0	0.004	0.031	9.84	0.36	0.003	3.92	3.33	0.05	0.06	0.08	0
3.51	16.45	0.03	3.01	0.001	4.16	0.36	0.31	0.74	0.55	0.55	0.093	7.85	1.78	0.009	32.15	7.43	0.09	0.09	0.05	1
0.03	7.9	0.06	0.75	0.01	0.04	0.04	1.58	0.15	0.72	0.72	0.013	9.33	1.46	0.008	0.31	0.85	0.06	0	0.09	0
0.09	24.5	0.03	2.7	0.004	6.27	0.23	1.27	0.21	0.67	0.67	0.092	5.21	1.24	0.01	38.04	4.5	0.08	0.25	0.09	0
0.05	27.37	0.01	0.12	0.05	0.39	0.09	1.04	1.36	0.72	0.72	0.161	13.06	0.82	0.008	0.93	4.24	0.06	0.01	0.04	0
0.05	0.54	0.1	0.62	0.06	0.04	0	0.06	1.42	0	0.002	0.103	16.16	0.83	0.006	1.11	0.81	0.07	0.08	0	0
0.06	20.6	0.02	1.71	0.005	6.26	0.58	0.11	1.22	0.52	0.52	0.176	3.77	1.84	0.006	10.24	0.82	0.01	0.47	0.08	0
0.04	1.86	0.04	2.73	0.02	0.59	0	0.02	0.32	0	0	0.198	16.41	2.06	0.001	3.91	4.9	0.06	0.03	0.01	0
0.07	12.29	0.03	0.12	0.03	0.38	0.04	1.76	0.4	0.27	0	0.152	13.83	0.42	0.008	6.27	0.62	0.04	0.09	0.09	0
0.08	18.27	0.03	0.12	0.02	0.03	0.09	0.72	0.57	0.37	0.007	0.153	15.63	1.65	0.003	2.9	0.23	0.1	0.08	0.09	0
0.01	21.14	0.88	4.22	0.04	2.67	0.51	1.06	0.1	0.84	0.84	0.139	16.78	1.29	0.001	14.06	4.87	0.08	0.02	0.07	0
0.01	26.86	0.01	0.7	0.002	2.5	0.62	0.28	1.11	0.2	0.008	0.052	0.55	1.61	0.008	31.62	4.54	0.06	0.48	0.02	0
0.01	26.08	0.03	0.5	0.1	0.26	0.05	0.06	1.43	0	0.007	0.152	13.18	0.43	0.005	0.22	1.28	0.05	0.05	0.03	0
0.06	25.4	0.58	3.54	0.06	7.99	0.8	0.07	0.36	0.34	0.007	0.114	8.05	1.89	0.001	1.51	7.04	0.02	0.09	0	0
3.88	21.08	0.01	3.74	0.008	3.43	0.02	0.19	0.52	0.74	0.74	0.062	6.69	1.79	0.004	55.67	6.65	0	0.42	0.02	0
0.1	14.56	0.02	0.94	0.05	0	0.09	0.03	0.37	0	0.004	0.118	17.14	0.69	0.006	0.82	1.65	0.09	0.03	0.03	0
0.24	5	0.31	2.56	0.1	7.89	0.05	0.15	1.19	0	0.61	0.164	17.72	1.56	0.001	14.52	0.53	0	0.06	0.01	1
0.02	17.49	0.76	2.98	0.13	3.83	0.34	0.04	0.76	0.49	0.003	0.109	18.08	1.31	0.01	42.2	2.86	0.09	0.21	0.03	0
0.42	3.22	0.01	0.65	0.008	0.9	0.83	1.08	0.15	0.23	0.007	0.184	2.67	1.21	0.001	13.9	4.86	0	0.21	0.05	1
0.76	0.47	0.03	1.69	0.002	3	0.18	0.7	0.57	0.3	0.005	0.065	15.53	1.38	0.008	33.34	5.93	0.03	0.47	0.03	1
3.5	22.22	0.79	1.21	0.04	2.81	0.36	0.29	0.51	0	0	0.048	2.09	2.19	0.005	24.14	5.45	0.07	0.04	0.07	0
5.01	19.29	0.65	3.45	0.03	1.82	0.64	0.36	0.64	0	0.69	0.005	2.01	1.69	0.001	16.5	1.45	0.07	0.32	0.05	0
0.1	5.87	0.03	2.92	0.06	0.16	0.09	0.05	0.91	0	0.75	0.191	1.29	0.86	0.005	0.52	0.15	0.09	0.02	0.02	0
2.46	13.29	0.01	1.38	0.001	7.17	0.24	0.38	0.61	0	0	0.03	1.43	1.01	0.009	6.99	3.6	0	0.37	0.04	1
3.67	21.82	0.11	0.96	0.02	2.12	0	1.47	1.24	0.83	0.83	0.026	1.12	2.41	0.009	44.46	6.65	0.1	0.18	0.09	0
0.06	27.5	0.09	0.85	0.01	0.24	0.09	1.04	1.36	0.72	0.72	0.161	12.25	1.27	0.008	1.34	3.3	0.06	0.09	0.04	0
3.54	4.22	0.05	0.63	0.006	4.43	0.5	1.58	0.13	0.97	0.97	0.17	11.6	1.07	0.006	9.82	0.83	0.06	0.23	0.08	1
0.04	13.62	0.01	0.22	0.02	0.04	0.07	1.3	0.37	0	0.98	0.156	10.39	0.81	0.008	1.07	0.39	0.05	0.01	0	0
2	19.09	0.12	1.36	0.01	3.15	0.87	1.48	0.45	0.59	0.59	0.053	4.5	2.04	0.005	41.47	7.63	0.08	0.49	0.04	0
0.08	12.56	0.62	0.68	0.04	8.1	0.76	0.7	0.52	0.59	0.59	0.152	15.17	1.22	0.004	8.27	0.51	0.03	0.35	0.07	0
0.05	11.88	0.81	4.39	0.11	6.43	0.58	0.08	0.04	0.46	0.002	0.089	8.25	1.89	0	16.64	1.66	0.06	0.33	0.05	0
0.03	2.38	0.03	0.34	0.04	0.1	0.04	0.03	0.3	0	0.003	0.05	16.42	0.23	0.005	0.14	0.18	0.01	0.01	0	0
0.08	18.69	0.03	0.34	0.02	0.1	0.09	0.51	0.92	0.14	0.006	0.072	1.59	1.27	0.01	6.82	5.49	0.06	0.09	0.06	0
0.1	3.49	0.03	1.95	0.06	0.09	0.07	0.69	0.14	0.44	0.008	0.155	5.96	0.96	0.01	4.54	0.77	0.02	0.01	0.02	0
0.07	2.84	0.05	0.59	0.07	0.01	0.08	1.18	0.07	0.77	0.77	0.042	17.04	1.34	0.009	12.67	0.01	0.05	0.02	0.06	0
4.44	28.93	0.03	2.84	0.003	5.6	0.37	1.38	0.63	0.97	0.97	0.017	3.83	1.39	0.004	3.3	0	0.04	0.35	0.06	1
0.65	24.48	0.66	1.31	0.01	3.54	0.77	1.45	0.98	0	0	0.167	14.84	1.89	0.004	30.43	4.99	0.08	0.25	0.08	0
0.25	6.71	0.69	1.41	0.01	2.61	0.25	1.09	1.35	0.16	0.002	0.031	17.14	1.8	0.007	55.32	1.15	0.08	0.26	0.08	0
0.05	7.22	0.04	0.63	0.03	0.1	0.04	1.04	1.39	0.07	0.006	0.176	3.65	1.16	0.008	2.62	2.62	0.03	0.03	0.05	0
0.95	24.84	0.03	2.73	0.008	7.49	0.76	2	1	0.79	0.79	0.169	10.47	1.31	0.009	26.54	7.05	0.01	0.42	0.06	0
0.37	29.23	0.02	1.43	0.006	3.29	0.46	0.01	1.28	0.77	0.77	0.144	2.06	1.93	0.002	29	2.27	0.02	0.25	0.07	0
0.05	28.26	0.05	0.42	0.06	0.07	0.04	1.59	1.04	0.08	0.007	0.141	6.48	1.43	0.006	1.45	0.21	0.05	0.01	0.08	0
0.01	13.21	0.1	0.73	0.06	0.19	0.1	0.06	0.31	0.01	0.007	0.19	10.63	0.62	0.003	0.27	0.71	0.04	0.08	0.04	0
0.01	11.74	0.07	3.28	0.02	7.02	0.14	1.99	1.44	0.15	0.003	0.1	4.74	1.81	0.01	35.23	2.12	0.02	0.49	0.04	0
0.01	12.14	0.3	1.7	0.03	3.38	0.37	1.33	1.08	0.44	0.005	0.093	4.37	2.1	0.001	50.31	6.81	0.02	0.31	0.01	0
0.07	23.59	0.01	3.6	0.001	3.37	0.11	1.17	0.27	0.26	0.005	0.013	17.62	1.97	0.001	54.7	4.29	0.02	0.42	0.08	0
0.01	22.06	0.06	0.23	0.02	0.09	0	1.65	0.61	0.78	0.78	0.146	16.5	1.4	0.003	0.19	1.78	0.05	0.06	0.06	0
4.64	22.51	0.04	2.97	0.007	6.57	0.41	1.44	0.58	0.96	0.96	0.191	9.99	1.9	0.008	48.08	6.53	0.02	0.21	0.08	0
3.12	18.12	0.03	3.98	0.006	1.87	0.07	0.66	0.04	0.32	0.002	0.028	8.02	1.07	0.002	40.27	1.16	0	0.35	0.02	1
0.88	14.49	1.02	3.09	0.01	0.34	0.27	1.23	1.01	0.6	0.6	0.04	11.95	1.98	0.007	4.65	4.47	0.02	0.29	0.01	0
0.01	19.59	0.04	1.48	0.008	6.62	0.06	1.69	0.94	0.51	0.51	0.198	10.67	1.62	0.008	50.55	7.92	0.08	0.09	0.03	0
0.07	26.64	0.001	0.19	0.004	1.67	0.77	0.05	1.43	0.92	0.92	0.04	4.18	1.85	0.007	53.91	2.01	0.01	0.23	0.01	0
0.19	1.53	0.01	1.11	0.007	3.74	0.41	0.85	0.82	0.9	0.9	0.154	13.5	1.85	0.009	29.96	4.47	0.03	0.19	0	0
0.04	8.51	0.73	4.46	0.04	3.15	0.69	0.05	1.1	0.29	0	0.001	0.92	2.03	0.004	32.46	1.97	0.07	0.25	0.01	0
1.34	14.78	0.03	0.96	0.009	7.78	0.88	0	0.38	0	0	0.166	0.34	1.35	0.01	14.42	2.6	0.09	0.44	0.01	1
0.01	8.78	0.07	0.3	0.04	0.09	0.04	1.53	1.17	0.43	0.007	0.091	14.42	0.51	0.009	11.19	0.27	0.03	0.09	0.04	0
0.08	9.07	0.01	0.4	0	0.05	0.07	0.01	0.01	0.5	0.5	0.148	10.33	1.95	0.007	9.77	0.72	0.06	0.08	0.02	0
0.01	19.3	0.05	0.7	0.01	0.05	0	0.05	0.3	0	0.56	0.166	9.67	0.6	0.006	5.09	3.23	0.06	0	0.02	0
0.05	27.69	0.08	2.96	0.02	0.02	0.05	0.07	1.39	0	0.89	0.005	8.17	0.32	0.005	0.41	0.91	0.08	0.09	0	0
0.58	29.19	0.02	1.71	0.007	1.13	0.53	1.34	0.03	0.98	0.98	0.068	10.9	1.45	0.005	2.75	3.81	0.05	0.18	0.02	1
0.05	21.98	0.04	0.04	0.03	0.48	0.01	1.72	0.81	0	0.87	0.15	2.75	0.4	0.004	0.62	6.94	0.02	0.02	0.05	0
0.03	28.92	0.36	2.02	0.02	7.04	0.36	0.03	1.1	0.38	0.005	0.044	7.31	1.62	0.006	43.93	2.27	0.06	0.24	0	0
3.26	21.24	0.05	3.86	0.008	2.49	0.51	1.06	0.1	0.84	0.84	0.139	15.88	1.25	0.001	55.98	4.87	0.08	0.02	0.07	0
0.03	18.24	0.03	1.05	0.06	0.09	0.01	1.45	1.4	0.28	0.003	0.102	8.47	1.48	0.002	3.6	0.2	0.01	0.09	0.04	0
4.3	16.35	0.03	2.9	0.008	5.14	0.29	1.5	0.25	0.02	0	0.083	6.22	1.91	0.009	50.04	1.39	0.02	0.11	0	0
4.76	26.3	0.61	3.94	0.08	1.66	0.82	1.42	1.29	0	0.002	0.01	2.36	1.64	0.004	11.06	2.54	0.08	0.44	0.07	0
1.67	23.18	0.66	3.48	0.08	6.89	0.39	1.52	0.67	0.68	0.68	0.105	5.98	1.44	0.003	47.11	6.25	0.04	0.18	0.01	0
0.02	23.43	0.01	0.48	0.05	0.4	0.02	0.05	0.52	0	0.008	0.025	18.28	0.83	0.009	4.5	1.77	0.09	0.01	0.04	0
3.94	21.58	0.04	2.9	0.006	5.65	0.08	0.35	1.43	0.71	0.71	0.061	17.79	1.04	0.004	6.89	2.9	0.05	0.46	0.03	1
0.05	23.76	0.02	0.1	0.07	0.04	0	1.99	0.81	0.19	0.001	0.098	3.77	1.65	0.003	0.19	3.93	0.1	0.04	0.02	0
0.06	2.97	0.02	0.35	0.06	0.31	0.02	1.61	0.45	0.24	0.002	0.149	18.77	1.69	0.004	3.69	1.06	0.1	0	0.03	0
0.14	16.61	0.03	2.75	0.001	4.85	0.82	0.27	0.41	0.67	0.67	0.067	18.84	1.55	0.001	7.88	0.14	0.04	0.49	0.07	0
3.41	19.19	0.97	1.31	0.1	4.69	0.35	1.37	0.65	0	0	0.034	11.37	2.28	0.008	47.68	6.75	0.06	0.42	0.02	0
4.23	22.03	0.67	2.41	0.08	5.91	0.68	0.34	0.12	0	0	0.135	13.54	1.22	0.002	8.36	2.38	0.06	0.19	0.04	0
0.03	16.06	0.25	3.41	0.07	8.13	0.16	0.58	1.07	0.52	0.52	0.103	16.62	1.92	0.005	30.15	6.38	0.01	0.27	0	0
0.04	15.3	0.02	1.01	0.001	6.21	0.79	1.76	0.83	0.21	0.002	0.03	7.48	1.52	0.005	7.51	0.63	0.07	0.13	0.08	0
0.07	3.83	0.07	0.19	0.04	0.08	0.02	0.5	1.31	0.13	0.009	0.068	13.52	1.35	0	0.33	0.4	0.08	0.06	0.03	0
3.83	18.88	0.04	2.49	0.003	5.71	0.3	0.67	1.08	0	0	0.008	10.56	1.84	0.008	16.54	3.4	0.08	0.29	0.02	1
0.03	22.88	0	0.61	0.01	0.05	0.08	0.54	1.33	0.05	0.001	0.166	11.96	0.2	0.006	0.1	0.2	0.07	0.08	0.08	0
3.56	16.35	0.99	3.68	0.04	4.16	0.36	0.31	0.74	0	0.55	0.093	8.02	1.87	0.009	40.43	7.43	0.09	0.09	0.05	0
0.08	13.22	0.09	1.1	0.01	0.09	0.03	0.88	0.28	0.15	0.005	0.097	7.35	1.34	0.004	1.67	0.49	0.03	0.07	0.08	0
0.03	27.94	0.02	2.75	0.004	6.59	0.58	0.74	0.84	0.22	0.004	0.043	2.32	1.55	0.007	55.79	7.04	0.09	0.13	0.09	0
0.08	22.99	0.06	2.71	0.09	0.04	0.06	0.5	0.85	0.44	0.004	0.034	3.82	1.2	0.007	0.87	1.91	0.09	0.02	0.02	0
0.04	13.28	0.04	0.28	0.02	0.1	0	0	0.7	0.08	0.001	0.144	8.95	0.18	0.005	1.35	4.1	0.06	0.01	0.02	1
0.22	15.04	0.94	2.33	0.12	6.7	0.62	1.57	0.26	0.69	0.69	0.182	1.7	2.18	0.008	36.77	2.39	0.01	0.2	0.05	0
0.07	20.99	0.04	1.74	0.07	0.1	0.1	0.06	1.43	0	0.51	0.094	5.74	0.94	0.005	6.41	2.43	0.05	0.04	0.03	0
0.05	13.04	0.08	0.95	0.05	0.14	0.05	0.57	1.33	0	1	0.065	17.71	0.34	0.004	2.71	2.53	0.08	0.06	0.08	0
0.04	1.17	0.09	1.24	0.07	0.12	0.04	0.55	0.96	0	0.004	0.062	15.18	0.37	0.003	0.15	0.42	0.03	0.02	0.04	0
0.02	5.9	0.01	0.77	0.009	3.48	0.62	1.33	0.58	0.22	0.002	0.168	17.61	1.99	0.008	48.67	2.28	0.05	0.28	0.05	0
0.01	0.13	0.05	0.28	0.04	0.03	0.06	0.49	1.39	0	0	0.064	6.15	1.74	0.009	5.81	4.36	0.09	0.09	0.06	0
0.05	19.13	0.05	0.58	0.07	0.31	0.05	0	0.86	0	0.005	0.197	13.65	0.89	0.001	6.23	4.36	0.08	0.01	0.07	0
1.19	14.94	0.01	1.8	0.002	1.67	0.2	1.08	0.52	0.74	0.74	0.067	4.52	1.52	0	17.72	4.91	0.04	0.45	0.02	1
0.09	1.93	0.04	0.95	0.04	0.15	0.02	0.1	1.47	0.9	0.9	0.097	2.42	1.16	0.003	1.44	1.97	0.01	0.01	0.01	0
1.41	3.42	0.02	3.34	0.001	5.79	0.12	1.85	0.33	0	0	0.16	5.35	1.37	0.003	36.39	4.33	0.02	0.39	0.07	1
0.06	7.78	0	0.16	0.01	0.29	0.05	0.02	0.07	0	0	0.015	14.66	0.12	0.004	0.45	0.91	0.03	0.01	0.04	0
0.02	9.69	0.07	1.31	0.01	0.09	0.1	0.05	1.43	0	0.58	0.144	1.6	0.62	0.009	0.83	0.2	0.05	0.01	0.01	0
0.05	23.63	0.05	0.56	0.1	0.09	0.06	0.03	0.62	0	0.65	0.044	6.94	0.29	0.005	10.22	0.66	0.03	0	0.02	0
0.09	25.82	0.04	1.3	0.06	0.06	0.01	1.96	1.32	0.85	0.85	0.192	13.28	1.37	0.002	1.5	0.87	0.09	0.03	0.09	0
0	26.82	0.05	1.74	0.003	3.11	0.83	0.84	0.33	0.89	0.89	0.048	12.51	1.67	0.006	23.36	3.93	0.06	0.41	0.08	0
4.53	0.27	0.01	1.17	0.001	6.17	0.11	1.41	1.08	0.38	0.002	0.15	0.69	1.88	0.003	51.54	6.69	0.04	0.06	0.04	1
0.03	20.38	0.04	3.53	0.002	2.13	0.41	0.79	0.59	0.49	0.007	0.024	3.34	1.67	0.002	42	6.25	0.06	0.35	0.09	0
0.04	1.12	0.01	3.01	0.07	0.24	0.06	0.09	1.33	0.49	0	0.031	12.76	2.14	0.009	4	3.93	0.09	0	0.03	0
2.6	18.17	0.03	3.33	0.003	3.26	0.26	1.07	1.44	0.07	0.005	0.06	9.95	1.72	0.006	1.25	1.55	0.1	0.04	0.08	1
0.09	0.52	0.1	0.41	0.09	0	0.05	1.06	0.53	0.96	0.96	0.158	11.66	1.78	0.002	1.69	0.43	0.03	0	0.03	0
0.04	6.13	0.09	2.1	0.02	0.04	0.08	0.83	1.09	0	0	0.151	16.09	2.26	0.006	5	0.39	0.07	0.07	0.01	0
0.01	11.97	0.04	0.13	0.07	0.16	0	0.34	0.14	0.06	0.004	0.086	14.33	1.07	0	1.41	0.92	0.01	0.07	0.06	0
3.09	6.31	0.05	2.91	0.006	5.66	0.01	0.98	0.33	0.49	0.007	0.062	4.91	1.18	0.004	43.27	0.06	0.03	0.36	0.03	1
0.04	28.9	0.04	1.11	0.008	0.4	0.37	0.77	0.46	0.19	0.001	0.059	13.37	1.68	0.005	15.8	0.73	0.01	0.42	0.03	0
0.03	25.91	0.06	1.92	0.06	0.16	0.04	1.87	1.16	0.43	0.009	0.121	13.02	0.64	0.005	12.13	2.27	0.07	0.09	0.08	0
0.18	14.14	0.02	2.86	0.009	5.27	0.01	0.71	0.52	0.39	0.007	0.146	7.72	1.57	0.003	27.48	2.92	0.07	0.41	0.01	0
0.09	12.21	0.04	2.89	0.006	5.23	0.84	0.99	0.62	0.72	0.72	0.076	15.59	1.77	0.004	9.06	1.06	0.06	0.4	0.02	0
0.01	10.72	0.09	0.3	0.08	0.23	0.08	0.4	0.79	0.43	0.005	0.033	14.34	0.13	0.006	5.68	0.28	0.04	0.08	0.02	0
2.79	9.54	0.04	1.72	0.005	6.89	0.56	1.15	0.77	0.77	0.77	0.019	8.61	1.93	0	31.13	1.95	0.03	0.32	0	1
0.05	3.34	0.16	2.66	0.11	4.68	0.61	0.87	1.14	0.79	0.79	0.102	5.73	1.7	0.006	58.76	4.25	0.1	0.27	0.03	0
0.18	16.29	0.01	3.45	0.006	6.79	0.05	1.18	0.47	0.42	0.009	0.087	0.26	1.53	0.006	18.48	3.02	0.02	0.31	0.06	0
0.04	1.49	0.05	0.07	0.03	0.37	0.07	1.69	1.37	0.93	0.93	0.161	3.02	0.61	0.009	2.92	0.5	0.04	0.02	0.01	0
0.04	10.5	0.05	0.7	0.02	0.16	0.02	1.63	0.67	0.4	0.008	0.143	6.85	1.29	0.008	2.29	2.23	0.02	0.08	0.03	0
0.1	10.13	0.04	0.35	0.02	0.36	0.09	0.03	1.48	0	0.75	0.147	8.25	0.8	0.007	2.32	0.15	0.02	0.1	0.02	0
0.06	13.29	0.01	1.38	0.001	7.17	0.24	0.38	0.61	0.2	0.001	0.03	1.43	1.01	0.009	6.99	3.6	0	0.37	0.04	0
0.2	20.64	0.85	3.04	0.05	4.34	0.57	0.05	0.07	0.78	0.78	0.196	10.56	1.86	0.005	40.86	2.3	0.07	0.44	0.03	0
0	10.45	0.38	1.43	0.05	6.88	0.37	0.04	0.22	0.13	0.004	0.001	5.33	1.26	0.002	20.38	7.54	0	0.47	0.06	0
0.1	6.33	0.02	0.09	0.02	0.04	0.07	0.23	0.91	0.75	0.75	0.191	1.29	1.32	0.005	1.27	0.92	0.09	0.04	0.02	0
2.71	4.82	0.05	0.46	0.005	4.6	0.04	0.29	1.28	0.96	0.96	0.04	10.54	1.27	0.003	10.82	7.74	0.09	0.4	0.07	1
0.07	26.31	0	0.44	0.09	0.45	0.03	1.23	0.84	0	0.005	0.063	11.67	0.63	0.001	1.31	1.94	0.05	0.01	0.05	0
0.01	3.78	0.03	1.92	0.05	0.23	0.07	0.04	1.33	0.21	0	0.151	9.56	1	0.009	4.53	7.23	0.08	0.01	0.01	0
0.09	12.54	0.09	2.72	0.03	0.26	0.02	1.42	0.7	0.11	0.001	0.053	15.38	0.37	0.008	1.49	0.96	0.1	0.02	0.06	0
0.09	15.38	0.01	2.35	0.02	0.15	0.02	0.67	0.08	0.61	0.61	0.123	3.34	0.75	0	3.69	0.77	0.03	0.04	0.01	0
0.09	12.98	0.82	2.14	0.06	3.04	0.87	1.88	0.4	0.13	0.004	0.085	12.28	1.66	0.008	51.46	4.7	0.1	0.04	0.05	0
3.32	3.5	0.54	3.17	0.08	5.92	0.15	0.6	1.29	0	0	0.145	8.85	1.33	0.006	21.71	7.8	0.05	0.33	0.06	0
2.7	14.29	0.95	2.44	0.08	4.21	0.82	0.81	1.27	0	0.53	0.057	17.54	1.53	0.005	25.89	0.23	0.07	0.42	0.01	0
3.08	9.09	0.77	1.53	0.12	6.36	0.61	0.77	0.76	0	0	0.086	10.49	1.4	0	33.39	6.36	0.02	0.17	0.08	0
0.04	9.62	0	1.78	0.08	0.18	0.03	0.07	1.06	0	0.63	0.171	1.96	0.39	0.005	2.51	0.05	0.02	0.08	0.02	0
0.16	15.37	0.04	2.85	0.004	2.19	0.05	1.9	1.1	0	0	0.165	8.02	1.63	0.003	23.22	3.43	0.09	0.1	0	1
0.08	6.58	0.01	3.38	0.006	1.8	0.53	1.05	1.26	0.03	0.003	0.079	8.69	1.8	0.004	42.43	1.67	0.01	0.12	0.09	0
0.02	8.05	0.02	0.26	0.05	0.07	0.08	0.1	0.01	0.92	0.92	0.101	15.1	1.36	0.007	0.99	5.32	0.01	0.03	0.04	0
2.44	14.38	0.21	2.04	0.1	1.54	0.23	1.3	0.37	0	0	0.156	10.42	1.16	0.008	25.25	3.24	0.05	0.44	0	0
0.1	14.35	0.02	0.15	0.01	0.59	0.06	1.47	0.15	0.37	0.002	0.085	19.55	0.93	0.001	0.16	1.42	0.05	0.1	0.07	0
0.96	5.11	0.001	1.17	0.006	0.2	0.18	0.18	0.37	0.03	0.008	0.081	10.84	1.82	0.007	0.9	2.77	0.03	0.43	0.03	1
0.02	17.58	0.03	3.59	0.006	0.08	0.72	0.72	1.32	0.99	0.99	0.087	2.5	1.44	0.003	31.84	3.03	0.08	0.39	0.03	0
0.09	6.85	0	0.61	0.03	0.05	0.05	0.02	0.91	0	0	0.182	15.92	1	0	1.35	4.84	0	0.04	0.05	1
0.05	16.97	0.1	0.33	0.02	0.02	0.08	1.19	0.26	0	0.72	0.034	17.62	0.07	0.004	7.45	1.73	0.04	0.1	0.06	0
0.09	6.17	0.07	0.43	0	0.02	0.01	0.05	0.15	0.09	0	0.165	16.08	0.25	0.003	2.27	0.44	0.01	0.08	0	0
0.05	1.71	0.09	0.93	0.05	0.25	0.07	1.77	1.43	0	0	0.118	2.71	1.16	0.002	4.82	6.52	0.03	0.09	0	0
0.07	29.63	0.03	0.4	0.04	0.13	0.04	1.46	1.46	0.76	0.76	0.083	4.07	1.37	0.009	0.03	0.61	0.07	0.07	0.06	0
0.09	12.25	0.02	1.63	0.008	1.41	0.46	0.62	0.88	0.25	0.002	0.167	9.14	1.5	0.008	36.36	3.46	0.1	0.23	0.04	0
0.08	8.01	0.94	2.25	0.08	3.28	0.77	0.02	1.47	0.97	0.97	0.166	12.95	1.35	0.005	17.2	3.54	0.05	0.5	0.01	0
0	8.12	0.02	0.97	0.007	3.47	0.65	1.51	1.46	0.58	0.58	0.061	8.96	1.5	0.004	14.6	1.74	0.03	0.01	0.06	0
0.03	24.61	0.09	0.81	0.06	0.17	0.03	0.71	0.91	0.66	0.66	0.182	15.9	0.89	0.006	0.33	3.35	0.08	0.01	0.05	0
0.07	20.45	0.02	1.8	0.03	0.34	0.09	0.04	0.51	0	0.57	0.176	3.88	0.92	0.001	2.95	0.26	0.02	0.07	0.05	0
0.09	11.63	0.1	0	0.06	0.2	0.06	1.63	0.27	0.62	0.62	0.166	0.02	1.03	0.003	2.54	0.15	0	0.09	0.05	0
0.22	18.53	0.03	2.14	0.001	1.79	0.88	0.56	1.49	0	0	0.05	11.82	1.06	0.003	30.27	1.91	0.08	0.29	0.06	1
0.09	21.24	0	0.78	0.01	0.09	0.09	1.47	1.24	0.83	0.83	0.026	0.66	1.49	0.009	0.43	0.26	0.1	0.02	0.09	0
0	17.6	0.08	2.78	0.04	0.49	0	1.94	0.8	0.32	0.004	0.124	13.09	1.56	0.01	5.8	0.85	0.01	0.02	0.04	0
0.08	15.04	0	0.08	0.02	0.13	0.01	0.46	0.74	0	0	0.072	13.5	1.37	0.005	6.12	0.71	0.09	0.09	0.08	0
0.06	20.11	0.02	2.39	0.003	4.86	0.41	1.62	0.98	0.07	0.008	0.107	4.09	1.67	0.007	46.47	1.63	0.09	0.16	0.02	0
0.02	26.9	0.33	4.26	0.08	6.01	0.72	0.05	0.89	0.84	0.84	0.001	9.46	2.15	0.007	28.61	5.77	0.07	0.14	0.03	0
0	13.84	0.02	1.33	0.008	6.44	0.45	0.56	0.8	0.29	0.001	0.186	2.84	1.37	0	29.98	7.36	0.08	0.09	0.08	0
0.01	2.7	0.06	1.72	0.02	0.35	0.03	0.96	0.02	0.63	0.63	0.042	12.16	0.38	0.009	2.5	2.09	0.09	0.07	0.04	0
0.18	26.04	0.03	1.94	0.005	0.01	0.34	0.37	1.29	0.62	0.62	0.122	12.41	1.05	0.007	49.82	2.73	0.04	0.03	0.08	0
0.05	6.22	0.001	0.17	0.001	1.39	0.74	0.03	0.15	0.09	0	0.165	16.08	1.5	0.003	11.39	3.86	0.01	0.43	0	0
0.02	0.54	0.01	3	0.07	0.57	0.06	0.05	0.89	0	0	0.038	2	1.27	0.009	0.13	3.71	0.02	0.06	0.06	0
1.62	6.54	0.01	1.46	0.001	3.07	0.11	0.05	1.21	0.33	0.001	0.015	1.72	1.02	0.001	3.47	6.28	0.09	0.47	0.01	1
0.05	8.41	0.03	0.28	0.09	0.05	0.01	1.96	0.82	0.11	0.005	0.037	13.27	1.78	0	0.39	0.82	0	0	0.01	0
3.97	0.43	0.45	4.59	0.03	5.35	0.82	0.69	1.35	0.04	0	0.139	1.93	1.8	0.006	25.02	1.03	0.04	0.23	0.07	0
0.06	2.84	0	0.26	0.07	0.01	0.06	1.8	1.39	0	0	0.175	17.92	2.13	0.002	1.63	0.65	0.05	0.02	0.08	0
0.01	13.01	0.04	2.16	0.07	0.34	0.09	0.07	0.61	0	0.52	0.095	13.32	0.93	0.005	2.45	1.41	0.01	0.08	0.02	0
0.07	19.52	0.1	0.09	0.09	0.07	0.06	0.08	0.34	0.26	0.003	0.146	7.96	1.56	0.006	6.31	1.36	0.09	0.01	0.05	0
0.05	16.83	0.01	0.3	0.08	0.28	0.1	0.89	0.7	0.07	0.008	0.122	18.06	1.52	0.002	8.35	2.52	0.05	0.03	0.05	0
0.74	14.13	0.001	0.74	0.002	3.23	0.55	0.63	0.7	0	0	0.144	8.95	1.2	0.005	49.41	5.76	0.06	0.5	0.02	0
0.07	17.63	0.07	0.4	0.02	0.03	0.03	0.53	0.12	0.66	0.66	0.016	8.96	1.61	0.01	3.26	0.67	0	0.03	0.03	0
0.05	1.9	0.02	0.17	0.08	0.4	0.08	0.09	0.2	0	0.005	0.013	16.7	0.88	0.003	10.46	2.52	0.01	0.06	0.01	0
3.6	8.24	0.03	1.92	0.003	1.44	0.08	1.89	0.65	0.39	0.008	0.011	13.75	1.8	0.001	32.55	5.78	0.08	0.04	0.07	1
0.09	5.62	0.05	2.58	0.08	0.51	0	0.33	0.22	0	0.008	0.163	11.54	0.27	0.007	6.7	0.68	0.04	0	0.06	0
0.03	23.9	0.79	3.41	0.02	2.23	0.1	0.06	0.74	0.32	0.002	0.001	11.41	1.99	0.004	16.05	0.1	0.07	0.09	0.01	1
0.05	8.68	0.03	0.4	0.08	0.1	0.03	0.05	0.14	0	0.004	0.069	8.43	0.15	0.007	2.63	1.03	0.08	0.05	0.09	0
0	11.58	0.02	2.12	0.02	0.09	0.02	1.14	1.14	0.45	0.004	0.045	9.28	1.35	0.01	2.1	0.2	0.02	0.08	0.04	0
2.74	17.25	0.3	1.11	0.02	6.47	0.41	0.89	0.7	0	0.008	0.122	18.65	1.64	0.002	42.67	7.53	0.05	0.15	0.05	0
0.04	18.99	0.04	0.31	0.06	0	0.01	0.18	0.13	0.79	0.79	0.132	9.4	1.68	0.006	3.07	0.82	0	0.05	0.06	0
0.09	1.8	0.09	0.64	0.05	0.36	0.07	0.87	1.14	0.79	0.79	0.102	5.54	1.67	0.006	12.83	2.21	0.1	0.08	0.03	0
0.08	15.55	0.08	0.32	0.01	0.05	0.04	0.01	0.23	0	0.93	0.164	5.03	0.45	0.007	1.47	0.84	0.06	0.02	0.05	0
0.03	28.13	0.04	0.68	0.07	0.03	0	1.12	0.53	0.14	0.008	0.159	14.47	1.91	0.006	4.33	0.27	0.02	0.06	0.03	0
2.67	7.23	0.04	3.38	0.002	3.82	0.75	1.93	0.18	0	0	0.04	6.22	1.65	0.007	42.42	5.34	0.04	0.03	0.06	1
0.03	6.6	0.08	1.48	0.07	0.02	0.05	1.93	0.18	0.49	0.008	0.04	6.22	1.65	0.007	1.12	0.76	0.04	0.03	0.06	0
3.1	19.15	0.74	4.09	0.09	5.02	0.64	0.05	0.4	0	0.74	0.012	13.42	2.01	0	51.6	5.77	0.06	0.46	0	0
0.04	12.82	0.05	0.48	0.03	0.42	0.1	1.89	0.9	0	0	0.002	8.3	1.8	0.001	0.28	3.96	0.03	0.04	0.04	0
0.08	3.32	0.88	3.68	0.01	5.9	0.12	0.08	0.33	0.6	0.6	0.16	6.24	1.46	0.003	58.16	4.33	0.02	0.39	0.07	0
0.01	15.07	0.29	1.53	0.11	1.81	0.45	0	0.45	0.3	0.008	0.197	15.61	2.16	0.001	32.55	4.86	0.05	0.04	0.06	0
0.09	28.71	0	0.05	0.03	0.02	0.01	0.72	0.57	0	0.007	0.153	15.26	0.08	0.003	1.93	1.81	0.1	0.01	0.09	0
0.1	21.52	0.04	1.1	0.05	0.06	0.06	0.75	1.25	0	0.002	0.083	16.24	0.27	0.005	1.69	0.26	0.05	0	0.04	0
0.01	16.14	0.04	0.53	0.007	3.79	0.64	1.02	0.03	0.73	0.73	0.138	15.13	1.6	0.002	33.01	6.32	0.03	0.04	0.07	0
4.31	28.61	0.17	1.21	0.03	3.74	0.78	1.59	1.01	0	0.008	0.052	0.84	1.84	0.004	21.99	4.96	0.08	0.27	0.08	0
0.31	26.12	0.03	3.57	0.002	5.29	0.3	0.78	0.09	0.83	0.83	0.138	10.49	1.47	0.009	48.81	4.63	0.09	0.18	0.05	0
1.75	0.69	0.04	3.41	0.009	1.55	0.86	0.26	0.59	0	0	0.008	12.69	1.61	0.001	25.03	6.26	0.08	0.2	0.06	1
0.08	5.43	0.05	0.4	0.03	0.74	0.09	0.57	1.44	0.44	0.003	0.092	7.85	1.48	0.009	11.31	0.37	0.02	0.07	0.07	0
0.17	27.35	0.03	0.96	0.005	7.79	0.65	1.23	0.84	0.33	0.005	0.063	10.96	1.39	0.001	3.43	2.39	0.05	0.26	0.05	0
0.01	9.37	0.97	1.71	0.11	4.68	0.43	0.03	0.96	0.11	0.001	0.001	19.7	1.8	0.007	7.7	5.62	0.08	0.08	0.06	0
0.03	19.92	0.01	2.19	0.08	0.23	0	0.05	0.63	0.45	0	0.142	7.2	1.84	0.007	10.42	1.77	0.06	0.02	0.01	0
0.09	20.77	0.09	0.63	0.03	0.13	0.1	1.06	0.1	0.84	0.84	0.139	15.88	1.25	0.001	10.2	3.24	0.08	0.09	0.07	0
3.83	21.94	0.96	2.16	0.08	0.61	0.47	0.1	1.07	0.22	0.004	0.089	16.96	1.75	0.01	16.12	7.81	0.07	0.2	0	0
0.03	2.19	0.05	0.63	0.08	0.42	0	0.08	1.25	0.06	0.005	0.048	0.39	0.55	0.008	4.81	0.54	0.08	0.04	0.03	1
0.01	2.73	0	0.01	0	0.01	0.07	1.94	0.78	0.89	0.89	0.101	13.11	1.66	0.008	8.49	5.29	0.02	0.05	0.04	0
3.4	14.2	0.42	1.98	0.07	8.42	0.28	1.86	0.45	0	0	0.185	1.38	1.74	0.003	46.43	7.29	0.07	0.02	0.01	0
0.08	15.09	0.04	0.44	0.01	0.05	0.03	0.1	0.45	0	0.008	0.197	15.13	0.3	0.001	0.31	2.67	0.05	0.1	0.06	0
0.03	9.92	0.03	0.36	0.06	0.59	0.02	0.52	0.32	0.31	0.002	0.11	4.4	2.07	0	6.25	1.84	0.01	0.05	0.02	0
0.05	9.56	0.06	0.74	0.06	0.13	0	0.02	0.56	0	0.002	0.185	15.38	0.4	0.003	3.96	2.43	0.05	0.1	0.08	0
4.5	24.24	0.01	2.68	0.005	3.31	0.86	0.46	0.33	0.92	0.92	0.025	5.9	1.02	0.008	18.88	7.48	0.06	0.3	0.06	1
0.07	17.46	0.07	0.15	0.09	0.64	0	0.03	1.07	0	0.004	0.099	8.49	0.7	0.009	6.93	1.61	0.09	0.02	0.09	0
0	24.39	0.02	0.17	0.04	0.03	0.04	0.02	0.06	0	0.58	0.035	2.64	0.57	0.007	0.43	0.65	0.01	0.05	0.06	0
0.02	28.03	0.01	0.15	0.01	0	0.03	1.59	1.01	0	0.008	0.052	0.5	0.55	0.004	0.93	0.83	0.08	0.06	0.08	0
0.06	2.2	0.04	1.46	0.1	0.07	0.01	0.56	1.29	0.64	0.64	0.18	3.9	2.09	0.008	1.96	0.32	0.09	0.09	0.09	0
0.08	22.9	0.14	1.36	0.1	6.21	0.22	0.1	0.02	0.22	0.008	0.017	14.06	1.89	0.001	57.34	0.74	0	0.35	0.06	0
1.35	28.83	0.04	0.18	0.006	0.1	0.31	0.46	1.4	0.41	0.008	0.108	5.36	1.91	0.003	8	3.52	0.02	0.27	0.08	1
0.06	4.33	0.02	0.52	0.08	0.14	0.05	1.09	0.37	0.53	0.53	0.075	15.72	1.14	0.009	6.08	1.73	0.05	0.02	0.09	0
0.17	16.77	0.03	1.81	0.003	0.05	0.03	0.04	1.16	0.51	0.51	0.044	5.17	1.47	0.006	51.61	3.72	0.04	0.14	0.08	0
1.01	12.52	0.02	1.83	0.003	6.76	0.3	0.23	0.21	0	0	0.097	17.64	1.56	0.009	24.1	3.17	0.05	0.26	0.05	1
0.03	11.44	0.07	0.52	0.08	0.32	0.02	1.5	0.68	0.8	0.8	0.193	10.2	1.72	0.006	1.18	0.59	0.1	0.08	0.04	0
3.99	9.06	0.001	3.64	0.007	6.69	0.43	1.35	0.32	0	0	0.198	15.91	1.99	0.001	25.05	4.9	0.06	0.16	0.01	1
0.04	27.8	0.02	0.74	0.006	6.07	0.28	0.01	0.78	0.54	0.54	0.035	8.83	1.1	0.001	29	1.7	0.07	0.37	0.05	0
0.03	8.69	0.08	0.35	0.07	0.02	0.06	1.38	0.84	0	0	0.165	13.86	1.28	0.009	4.15	0.89	0.01	0.05	0.01	0
1.43	18.87	0.92	1.82	0.08	2.27	0.03	1.34	0.26	0	0	0.113	2.29	1.76	0.01	26	2.73	0.09	0.11	0.04	0
0.04	0.65	0.07	0.58	0.01	0.11	0.05	1.26	0.13	0.93	0.93	0.165	4	1.01	0	5.38	0.24	0.07	0.1	0.01	0
0.08	2.21	0.52	4.25	0.02	4.6	0.53	0.05	1.33	0.49	0.001	0.031	13.03	2.02	0.009	26.52	3.93	0.09	0.43	0.03	0
0	13.19	0.36	4.41	0.09	7.38	0.13	0.07	0.7	0.11	0.001	0.053	14.58	1.5	0.008	36.99	1.72	0.1	0.03	0.06	0
0.04	8.88	0.01	0.44	0.06	0.07	0.01	0.16	0.39	0.41	0.006	0.037	17.2	1.21	0.005	3.91	0.53	0.02	0.08	0.06	0
4.53	23.34	0.04	3.39	0.002	2.67	0.46	0.4	0.88	0.59	0.59	0.118	6.4	1.63	0.003	36.62	1.75	0.02	0.23	0.06	0
4.84	0.38	0.001	3.34	0.004	7.88	0.27	1.74	0.36	0.21	0.007	0.187	4.2	1.88	0.002	57.4	2.3	0.06	0.22	0.06	0
0.07	8.58	0.02	2.55	0.07	0.01	0.02	0.04	0.99	0	0.006	0.132	8.47	0.84	0.006	0.27	2.72	0.02	0.08	0.02	0
0.05	10.19	0.07	0.91	0.08	0.48	0.1	0.09	1.32	0	0	0.034	4.06	0	0.006	0.01	0	0.02	0.02	0	1
0.15	14.1	0.01	2.39	0.006	4.36	0.36	1.6	0.15	0.91	0.91	0.01	14.1	1.53	0.006	30.49	2.96	0.04	0.33	0	0
0.15	2.61	0.01	2.56	0.007	6.9	0.42	0.46	1.31	0	0	0.093	13.37	1.16	0.004	26.43	2.83	0.07	0.3	0.03	1
0.1	9.85	0.03	0.22	0.07	0.16	0.08	0.01	0.9	0	0.95	0.014	17.66	0.99	0.007	6.04	2.78	0.1	0.04	0.04	0
0.08	21.31	0.07	1.7	0.02	0.22	0.06	1.49	0.65	0.63	0.63	0.16	13.24	1.21	0.003	6.6	0.19	0.02	0.09	0.01	0
0.05	9.33	0.12	3.66	0.12	7.53	0.48	0.06	0.88	0.36	0.005	0.072	3.73	1.36	0.009	13.14	4.59	0.1	0.39	0.06	0
0.05	20.79	0.03	0.48	0.04	0.07	0.08	0.1	0.34	0	0.98	0.104	16.47	0.38	0.009	1.77	0.65	0.06	0.08	0.08	0
0.05	28.45	1	2.7	0.08	4.7	0.77	0.05	0.4	0.59	0.59	0.178	5.46	1.31	0.004	25.22	4.83	0.02	0.1	0.02	1
0.08	6.54	0.07	0.77	0.08	0.09	0.07	0.08	1.37	0	0.94	0.151	8.35	0.03	0	5.7	3.78	0.07	0.09	0.03	0
3.49	12.38	0.13	3.22	0.13	4.85	0.13	0.24	1.23	0	0.008	0.196	10.28	1.81	0.008	10.74	5.94	0.03	0.1	0.07	0
0	10.22	0.07	0.43	0.1	0.41	0.05	1.45	0.89	0.21	0.002	0.177	15.57	0.99	0.004	0.99	0.4	0.01	0	0.03	0
4.11	0.93	0.05	3.21	0.008	1.46	0.59	0.31	1.3	0	0	0.154	15.46	1.58	0.007	50.19	5.69	0.09	0.18	0.04	0
0.08	28.55	0.01	2.47	0.004	4.62	0.77	1.84	0.4	0.59	0.59	0.178	5.29	1.22	0.004	32.54	4.83	0.02	0.1	0.02	1
0.08	21.63	0.02	1.87	0.003	0.45	0.57	0.75	1.25	0.28	0.002	0.083	15.32	1.01	0.005	13.3	4.32	0.05	0.29	0.04	0
0.06	1.89	0.09	0.21	0.08	0.37	0.08	0.06	0.04	0.08	0.005	0.078	11.38	1.56	0.001	4.08	0.97	0.08	0.04	0.04	0
4.37	10.05	0.56	2.91	0.04	8.1	0.32	1.98	0.66	0	0	0.101	7.42	1.89	0.009	10.37	5.63	0.04	0.12	0.01	0
0.04	15.89	0.03	1.86	0.08	0.19	0.02	0.61	0.35	0	0	0.132	8.39	2.93	0	2.23	5.57	0.03	0.07	0.01	0
1.06	12.42	0.41	2.23	0.1	7.07	0.3	0.23	0.21	0.54	0.54	0.097	18.3	1.69	0.009	34.05	3.17	0.05	0.26	0.05	0
3.17	19.21	0.22	0.51	0.01	7.9	0.43	1.84	0.75	0	0.92	0.142	7.71	1.39	0.004	13.54	5.84	0.02	0.38	0.09	0
0.02	28.74	0.02	3.15	0.004	6.4	0.27	0.2	0.58	0.8	0.8	0.112	11.7	1.58	0.007	20.46	7.21	0.07	0.46	0.09	0
0	4.34	0.09	0.57	0.05	0.04	0.04	0.1	0.72	0.39	0.008	0.011	15.52	1.31	0.007	9.62	3.51	0.1	0.08	0.06	0
0.18	1.26	0.33	4.15	0.07	3.56	0.03	1.39	1.12	0.1	0.001	0.108	9.43	1.63	0.009	50.01	4.39	0.02	0.11	0.07	0
0	13.74	0.01	1.36	0.001	0.19	0.51	1.5	0.69	0.82	0.82	0.053	1.08	1.24	0.005	8.65	6.98	0.05	0.15	0.07	0
4.64	25.66	0.04	3.49	0.007	7.97	0.49	1.72	0.49	0.6	0.6	0.093	7.5	1.23	0.009	55.54	7.1	0.02	0.46	0.07	0
0.02	3.11	0.08	0.65	0.04	0.07	0.03	0.58	0.62	0	0	0.006	9.62	1.51	0.003	5.34	3.04	0.02	0.09	0.03	0
0.13	16.35	0.03	2.9	0.008	5.14	0.29	1.5	0.25	0.02	0	0.083	6.22	1.91	0.009	50.04	1.39	0.02	0.11	0	0
4.5	7.38	0.81	1.03	0.07	3.12	0.36	0.55	1.14	0.26	0.006	0.18	16.23	1.9	0.01	55.35	7.79	0.08	0.13	0.01	0
0.09	21.6	0.03	0.03	0.01	0.08	0.06	0.17	0.58	0.52	0.52	0.011	18.4	0.9	0.009	3.15	0.71	0.08	0.05	0.08	0
0.04	10.56	0.66	3.53	0.11	1.59	0.01	0.07	1.23	0.96	0.96	0.142	0.98	1.32	0.002	27.48	5.17	0.02	0.23	0.04	0
0.48	26.32	0.28	0.48	0.02	7.29	0.25	1.4	0.07	0.74	0.74	0.145	15.23	1.4	0.003	34.34	2.63	0.08	0.22	0.06	0
3.05	22.43	0.03	0.89	0.005	5.99	0.86	1.72	0.81	0.87	0.87	0.15	2.74	1.6	0.004	28.79	7.27	0.02	0.24	0.05	1
2.73	19.42	0.02	1.78	0.005	1.97	0.74	0.18	0.13	0.79	0.79	0.132	9.4	1.68	0.006	25.97	6.35	0	0.17	0.06	1
0.03	6.62	0.01	1.24	0.03	0.44	0.04	1.05	0.05	0.49	0.005	0.1	10.02	0.99	0.007	0.22	0.86	0.06	0.01	0.05	0
0.03	28.54	0.1	0.27	0.05	0.28	0.05	0.04	0.43	0	0.73	0.18	9.98	0.61	0.009	11.27	0.85	0.02	0.01	0.01	0
0.08	9.75	0.09	0.88	0.02	0.63	0.03	1.07	1.35	0	0.003	0.113	14.65	0.13	0.003	0.02	0.38	0.06	0.05	0.04	0
0.06	5.8	0.001	1.99	0.002	6.45	0.07	0.65	1.5	0.79	0.79	0.118	11.34	1.97	0.002	46.13	2.35	0.01	0.31	0.06	0
0	23.71	0.08	0.01	0.09	0.1	0.04	1.35	1.07	0	0.7	0.101	2.16	0.71	0.008	3.1	3.27	0.09	0.01	0.03	0
0.06	15.84	0.04	0.77	0.07	0.07	0.08	1.46	0.93	0.83	0.83	0.166	8.67	0.88	0.007	7.66	0.77	0.08	0.06	0.02	0
0.01	0.13	0.02	1.92	0.007	3.21	0.02	0.33	0.74	0.32	0.005	0.008	1.59	1.98	0.001	22.42	4.13	0	0.06	0.04	0
0.06	15.64	0.03	0.33	0.05	0.34	0.1	0.03	1.16	0	0.72	0.156	0.52	0.13	0.01	2.17	3.47	0.09	0.02	0.08	0
0.03	3.42	0.02	3.34	0.001	5.79	0.12	1.85	0.33	0.6	0.6	0.16	5.35	1.37	0.003	36.39	4.33	0.02	0.39	0.07	0
0.22	11.93	0.99	4.36	0.05	5.22	0.71	1.98	1.32	0.86	0.86	0.034	3.78	1.66	0.006	51.51	7.16	0.02	0.21	0.09	0
0.06	4.77	0.05	1.85	0.03	0.4	0.1	0.03	1.14	0	0.77	0.174	9.12	0.89	0.006	1.51	0.48	0.04	0.03	0.09	0
0.01	2.77	0.1	0.44	0.08	0.17	0.08	0.4	1.09	0	0	0.14	3.76	1.55	0.005	6.62	2.34	0.08	0.07	0.04	0
0.09	0.26	0.09	0.45	0.01	0.49	0.06	1.92	0.29	0	0	0.192	13.79	1.59	0.007	2.02	0.38	0.05	0.02	0.06	0
0.04	21.76	0.1	0.27	0.09	0.04	0.07	0.53	0.95	0.19	0.004	0.011	12.18	1.29	0.006	5.77	0.32	0.03	0.01	0.05	0
0.09	2.8	0.03	1.89	0.003	4.62	0.72	0.06	0.04	0.08	0.005	0.078	10.58	1.91	0.001	40.52	2.41	0.08	0.04	0.04	0
4.41	29.4	0.49	4.25	0.01	1.65	0.88	1.19	0.38	0.84	0.84	0.064	8.12	1.16	0.005	7.1	3.72	0.07	0.42	0.06	0
0.2	1.28	0.74	3.59	0.04	2.76	0.39	1.26	0.13	0	0.93	0.165	4.86	1.19	0	19.7	0.16	0.07	0.27	0.01	0
3.06	1.84	0.35	1.16	0.06	4.83	0.04	0.65	0.2	0	0.005	0.013	17.09	1.92	0.003	24.79	3.1	0.01	0.01	0.01	1
0.01	26.45	0.07	1.27	0.08	0.06	0.08	1.71	0.8	0.13	0.009	0.176	16.11	1.19	0.006	0.27	0.12	0.01	0	0.01	0
0.04	7.97	0.06	0.8	0.07	0.16	0.08	1.28	0.32	0	0.53	0.175	1.42	0.35	0.007	3.32	3.85	0.01	0.1	0.02	0
0.03	16.08	0.08	0.38	0.06	0.15	0.09	0.04	0.47	0	0.009	0.087	0.26	0.3	0.006	2.43	1.31	0.02	0.01	0.06	1
0.01	3.17	0.08	0.91	0.02	0.02	0	0.02	0.86	0	0.87	0.019	16.16	0.62	0.007	6.1	0.02	0.01	0.02	0.08	0
0.04	0.67	0.08	0.39	0.05	0.07	0.07	0.01	1.41	0.34	0	0.05	8.76	1.32	0.003	4.38	0.63	0.03	0.09	0.04	0
0.01	4.66	0.09	2.59	0.06	0.01	0.09	1.5	0.68	0.8	0.8	0.193	10.68	1.86	0.006	6.4	1.31	0.1	0.07	0.04	0
0.3	17.76	0.81	0.83	0.02	4.92	0.67	1.67	0.02	0.1	0.007	0.028	14.14	1.84	0.009	1.24	6.21	0.06	0.21	0.03	0
0.03	7.89	0.05	1.96	0.03	0.07	0	0.7	0.8	0.97	0.97	0.1	19.24	2.65	0.001	0.48	0.95	0.05	0.02	0	0
0.07	16.67	0.04	1.35	0.03	0.09	0.06	0.54	1.41	0.99	0.99	0.113	9.63	0.2	0.004	3.18	0.29	0.04	0.03	0.06	0
1.26	11.54	0.59	3	0.12	6.92	0.09	1.18	0.88	0	0	0.032	3.75	1.82	0.003	52.74	7.46	0.06	0.03	0.07	0
0.09	0.95	0.03	1.64	0.02	0.15	0.07	1.92	1.2	0	0.003	0.082	18.94	0.49	0.008	5.17	0.67	0.02	0.08	0.08	0
3.52	8.51	0.84	4.1	0.06	3.33	0.69	1.66	1.1	0.29	0	0.113	0.63	2.01	0.004	32.46	1.97	0.07	0.25	0.01	0
0.09	23.24	0.001	3.26	0.003	1.13	0.41	1.58	0.57	0.6	0.6	0.146	0.14	1.58	0.01	55.81	5.32	0.07	0.39	0.03	0
0.08	9.06	0	0.64	0.09	0.09	0.05	1.7	0.29	0.78	0.78	0.185	12.75	1.66	0.006	1.68	0.81	0.03	0.04	0.04	0
0.01	18.48	0.08	0.21	0.06	0.19	0.06	0.73	0.82	0	0.7	0.122	2.99	0.28	0.007	4.65	1.74	0.1	0.08	0.04	0
0.06	27.21	0.03	0.56	0.04	0.02	0.09	1.99	0.22	0.25	0.008	0.085	3.29	1.88	0.008	0.39	0.11	0.09	0.07	0.03	0
0.03	24.71	0.08	0.1	0	0.09	0.08	0.23	0.31	0.43	0	0.102	1.23	1.5	0.001	5.24	0.96	0.02	0.02	0.03	0
0.05	0.76	0.05	0.52	0.08	0.12	0.04	0.04	0.91	0	0	0.041	14.24	1.52	0.005	0.18	6.38	0.02	0.07	0.07	0
0.02	13.86	0.04	0.86	0.1	0.09	0.09	1.6	0.15	0	0.91	0.01	14.63	0.56	0.006	6.23	0.11	0.04	0.09	0	0
2.64	18.44	0.01	0.19	0.005	4.86	0.35	1.98	0.99	0.41	0	0.099	10.2	1.69	0.001	5.91	4.49	0.06	0.18	0.08	1
3.51	26.82	0.05	1.74	0.003	3.11	0.83	0.84	0.33	0	0	0.048	12.51	1.67	0.006	23.36	3.93	0.06	0.41	0.08	0
0.06	24.1	0.04	3.47	0.004	6.44	0.88	1.81	0	0	0.003	0.12	1.8	1.34	0.008	58.15	0.27	0.03	0.46	0.01	0
0.01	2.05	0.05	2.76	0.008	0.83	0.54	0.28	0.93	0.82	0.82	0.175	17.17	1.58	0.003	46	4.85	0.01	0.27	0.02	0
0	25.99	0.01	3.06	0.002	3.36	0.63	1.26	0.34	0.94	0.94	0.093	7.6	1.72	0.007	31.21	5.12	0.05	0.12	0.04	0
0.18	9.96	0.29	0.92	0.05	6.72	0.19	0.03	1.35	1	1	0.158	0.91	1.47	0.009	21.08	4.71	0.01	0.22	0.07	0
0.07	13.74	0.09	0.33	0.1	0.13	0.02	1.21	1.09	0.77	0.77	0.158	1.67	1.03	0.004	0.05	0.4	0.05	0.07	0.08	0
0.06	15.5	0.03	0.8	0.03	0.04	0.03	0.09	0.74	0	0.001	0.072	13.2	0.62	0.005	3.27	2.04	0.09	0.01	0.08	0
0.1	0.83	0.08	2.85	0.07	0.46	0.06	0.01	0.11	0	0	0.058	8.99	1	0.001	0.82	7.51	0	0.05	0.09	0
0.06	22.14	0.04	0.38	0.05	0.26	0.04	0.04	0.66	0	0.58	0.071	13.52	0.08	0.008	7.06	0.51	0.05	0.04	0.06	0
0.09	20.45	0.08	1.2	0.04	0.04	0.08	1.16	0.4	0.25	0.002	0.09	5.38	1.72	0.01	0.18	0.93	0.1	0.04	0.04	0
0.17	1.54	0.01	3.25	0.002	4.24	0.45	1.13	1.05	0.97	0.97	0.007	5.79	1.3	0.006	25.84	6.28	0.01	0.42	0.08	0
2.61	1.26	0.53	4.05	0.06	3.69	0.03	1.39	1.12	0	0	0.108	10.02	1.61	0.009	49.87	4.39	0.02	0.11	0.07	0
2.01	15.1	0.01	2.17	0.006	6.42	0.33	0.16	1.01	0.76	0.76	0.168	17.85	1.01	0.009	3.17	5.31	0.07	0.32	0	1
0.09	0.53	0.08	0.69	0.08	0.02	0.02	0.07	0.56	0	0.94	0.006	15.78	0.29	0.009	0.64	3.94	0.01	0.05	0.01	0
0.08	6.07	0.01	1.53	0.08	0.61	0.07	0.3	1.02	0.88	0.88	0.032	10.94	1.64	0.004	2.47	0.09	0.07	0.1	0.02	0
0.01	10.61	0.03	0.6	0.01	0.22	0.01	0.01	0.21	0	0	0.097	18.39	1.77	0.009	2.39	3.17	0.05	0.09	0.05	0
0.07	7.65	0.03	0.6	0.01	0.43	0.03	0.87	1.39	0.35	0.001	0.02	10.63	1.77	0.003	6.06	1.29	0.08	0.04	0.07	0
0.2	2.6	0.03	1.75	0.007	4.86	0.66	0.86	0.11	0.85	0.85	0.101	6.48	1.06	0.008	17.68	5.59	0.04	0.45	0.06	0
4.41	28.7	0.04	1.43	0.002	5.71	0.03	1.93	0.43	0	0	0.18	9.98	1.48	0.009	48.29	3.63	0.02	0.12	0.01	0
0.05	0.34	0.03	0.91	0.07	0.1	0.1	0.03	1.23	0	0	0.048	10.87	1.59	0.002	0.64	1.76	0.1	0.01	0.01	0
0.04	5.47	0.07	1.3	0.01	0.35	0.08	0.47	0.89	0.78	0.78	0.038	2.47	0.79	0.009	0.06	0.14	0.02	0.08	0.06	0
3.5	24.52	0.98	2.4	0.12	1.92	0.79	1.92	1.42	0.67	0.67	0.194	0.96	1.58	0.004	31.11	2.94	0.01	0.14	0.09	0
2.06	3.33	0.73	2.04	0.05	4.65	0.52	1.83	1.3	0	0.003	0.129	7.79	1.15	0.007	35.58	5.13	0.07	0.44	0.08	0
0.09	2.66	0.01	1.29	0.007	4.11	0.28	1.77	0.06	0.75	0.75	0.098	0.75	1.99	0.009	20.55	0.75	0.04	0.1	0.05	0
0.06	19.9	0.01	1.65	0.09	0.12	0	0.07	0.53	0.02	0.001	0.028	11.24	1.53	0.008	5.45	0.88	0.06	0.04	0.06	0
2.64	6.52	0.04	3.93	0.002	6.6	0.72	0.04	1.37	0	0	0.032	4.38	1.48	0.007	33.77	1.16	0.07	0.01	0	1
0.02	14.95	0.08	1.77	0.09	0.13	0	0.08	1.01	0	0.76	0.168	17.85	0.94	0.009	0.48	1.77	0.07	0.03	0	0
0.09	25.04	0	2.49	0.07	0.04	0.08	1.27	1.25	0.75	0.75	0.076	8.03	0.35	0.008	2.97	1.27	0.01	0.03	0.08	0
0.13	28.79	1.03	2.92	0.05	7.83	0.06	0.66	0.03	0.62	0.62	0.024	2.4	1.57	0.01	7.7	5.82	0.02	0.17	0.03	0
0.04	10.59	0.14	1.57	0.08	5.27	0.76	0.09	0.89	0.21	0.002	0.001	16.35	1.28	0.004	9.06	0.38	0.01	0.22	0.03	0
0.31	9.66	0.03	2.27	0.001	6.54	0.47	1.37	0.71	0.99	0.99	0.112	11.47	1.33	0.001	37.2	1.73	0	0.24	0.06	0
0.01	13.48	0.07	0.66	0.06	0.01	0.01	1.38	0.11	0.67	0.67	0.135	9.75	0.99	0.006	3.7	2.39	0.08	0.09	0.02	0
4.45	7.48	0.03	0.83	0.004	3.03	0.36	0.55	1.14	0	0	0.18	15.86	1.83	0.01	48.83	7.79	0.08	0.13	0.01	0
0.03	14.68	0.35	1.33	0.03	8.68	0.88	0.08	0.38	0.04	0.007	0.166	1.05	1.81	0.01	55.9	2.6	0.09	0.44	0.01	0
0.08	4.3	0.08	1.98	0.01	0.05	0	0.04	1.3	0.03	0.007	0.11	1.14	1.16	0.008	0.05	0.68	0.07	0.09	0.04	0
2.29	13.29	0.02	3.74	0.003	7.15	0.13	1.42	0.7	0	0	0.053	14.45	1.41	0.008	14.45	1.72	0.1	0.03	0.06	1
1.37	17.56	0.93	0.6	0.04	8	0.03	0.57	1.44	0	0	0.092	8.05	2.01	0.009	46.27	2.68	0.02	0.3	0.07	0
3.79	5.45	0.02	2.79	0.008	5.64	0.29	0.67	0.25	0	0	0.169	6.98	1.39	0.001	41.33	3.08	0.06	0.49	0.02	1
0.09	26.99	0.52	2.89	0.12	4.63	0.63	0.05	1.13	0.81	0.81	0.017	2.08	2.26	0.008	12.94	3.14	0.03	0.18	0.05	0
0.02	24.93	0.01	3.18	0.001	5.04	0.28	0.13	0.84	0.65	0.65	0.168	18.82	1	0	51	6.42	0.05	0.12	0	0
0.21	9.39	0.07	4.6	0.11	2.38	0.9	0.22	0.68	0.63	0.63	0.162	11.84	2.34	0.005	43.55	6.14	0.09	0.44	0.06	0
0.1	10.49	0.7	1.39	0.02	2.63	0.26	1.55	1.09	0.72	0.72	0.137	13.96	1.61	0.001	3.91	7.4	0.09	0.37	0.03	0
0.09	14.96	0.09	0.01	0.02	0.04	0.06	0.09	0.47	0	0	0.087	0.81	1.64	0.006	8.35	3.02	0.02	0	0.06	0
0.03	14.89	0.07	1.85	0.04	0.05	0.03	0.93	0.85	0	0	0.167	15.89	1.33	0.01	3.48	0.13	0.07	0.06	0	0
0.07	22.51	0.04	2.97	0.007	6.57	0.41	1.44	0.58	0.96	0.96	0.191	9.99	1.9	0.008	48.08	6.53	0.02	0.21	0.08	0
0.02	4.87	0.06	0.93	0.06	0.49	0.04	0.09	0.82	0.01	0.007	0.145	7.01	0.93	0.003	0.18	2.47	0.02	0.09	0.07	0
0.01	20.68	0.01	0.8	0.07	0.1	0.1	0.07	0.1	0	0.84	0.139	15.88	0.44	0.001	5.39	3.22	0.08	0.07	0.07	0
0.06	26.5	0	0.3	0.05	0.08	0.09	0.91	0.42	0	0.006	0.107	14.16	0.69	0.009	5.21	0.82	0.04	0.03	0	0
4.4	23.78	0.24	4.36	0.12	3.58	0.84	1	1.38	0	0.68	0.198	16.48	1.37	0.008	36.77	4.54	0.06	0.09	0.07	0
0	17.55	0.02	0.16	0.09	0.06	0.01	0.72	1.32	0.99	0.99	0.087	2.5	1.44	0.003	0.24	0.68	0.08	0.02	0.03	0
0.05	22.57	0.04	0.39	0.07	0.54	0.08	0.28	0.28	0.19	0	0.137	18.51	1.36	0.009	4.03	0.44	0.1	0	0.02	0
0.1	6.63	0	0.37	0.05	0.1	0.07	0.28	1.16	0	0	0.005	11.32	1.29	0.005	1.47	0.75	0.09	0.07	0.08	0
0.06	19.35	0.61	3.33	0.02	0.11	0.19	0.36	1.39	0.8	0.8	0.116	3.27	1.78	0.001	1.38	7.85	0.06	0.05	0.08	0
0.02	10.4	0.04	0.45	0.08	0.15	0.04	0.07	1.33	0	0	0.004	18.37	2.07	0.001	2.1	5.77	0.08	0.06	0.04	0
0.09	27.45	0.03	0.74	0.002	7.07	0.52	1.69	0.96	0.25	0.001	0.021	14.05	1.27	0.005	7.96	2.36	0.01	0.43	0.01	0
0.09	5.12	0.01	0.22	0.09	0.07	0.08	0.58	0.62	0.36	0.005	0.006	10.41	0.06	0.003	4.81	5.94	0.02	0.08	0.03	0
0.1	14.34	0.06	0.58	0.06	0.28	0.06	0.08	0.69	0.22	0	0.054	11.32	1.32	0.007	0.22	6.7	0.09	0.06	0.04	0
0.06	17.6	0.01	0.24	0.1	0.26	0.07	1.6	0.52	0.51	0.51	0.125	9.29	1.43	0.002	0.81	0.85	0.04	0	0.01	0
0.06	22.85	0.08	0.44	0	0.07	0.05	1.56	1.07	0.19	0	0.103	2.73	0.06	0.008	7.69	0.42	0.03	0.07	0	0
0.09	29.13	0.01	0.26	0.03	0.07	0.06	0.09	0.63	0	0.99	0.005	14.86	0.63	0.01	3.11	1.28	0	0.04	0.06	0
0.07	17.31	0.09	1.02	0.03	0.03	0	0.66	0.04	0	0.002	0.028	8.29	0.55	0.002	0.02	0.83	0	0.06	0.02	0
0.05	11.45	0.04	1.17	0.05	0.76	0.02	0.58	1.07	0.52	0.52	0.103	16.4	2.03	0.005	0.14	4.93	0.01	0.02	0	0
0.04	0.77	0.05	0.99	0.03	0.03	0.02	0.02	0.47	0.28	0.005	0.141	6.19	1.97	0.007	2.73	1.49	0.01	0.1	0.09	0
0.07	23.94	0.09	0.69	0.03	0.41	0.03	1.67	0.5	0.89	0.89	0.062	7.64	0.75	0.007	7.36	1.78	0.1	0.08	0.04	0
1.82	10.35	0.32	2.22	0.09	6.28	0.65	1.05	0.96	0	0.008	0.049	1.9	1.9	0.001	55.24	1.86	0.01	0.07	0.05	0
0.09	16.07	0.04	0.93	0.03	0.01	0.05	0.06	0.48	0	0.93	0.142	0.49	0.1	0.009	0.1	0.29	0.05	0.02	0.04	0
1.08	14.67	0.02	0.35	0.001	2.41	0.54	1.28	0.87	0.9	0.9	0.024	13.82	1.29	0.008	7.3	2.55	0.06	0.17	0.02	1
0.08	23.82	0.08	0.36	0.05	0.1	0.09	1.14	1.16	0.85	0.85	0.114	0.94	0.45	0.005	3.59	0.05	0.05	0.05	0.06	0
0.05	28.63	0.08	0.16	0.05	0.38	0.09	0.72	0.53	0.35	0.007	0.03	6.98	1.8	0.009	0.14	0.49	0.01	0.08	0.09	0
0	22	0.04	0.1	0.04	0.38	0.08	0.09	0.95	0	0.004	0.011	12.18	0.76	0.006	6.1	2.04	0.03	0.02	0.05	0
0.21	22.21	0.02	2.07	0.001	0.4	0.21	1.32	1.23	0.56	0.56	0.049	18.67	1.78	0.007	4.51	0.51	0.06	0.2	0	0
0.54	15.3	0.02	1.01	0.001	6.21	0.79	1.76	0.83	0.21	0.002	0.03	7.48	1.52	0.005	7.51	0.63	0.07	0.13	0.08	1
4.03	11.04	0.07	0.98	0.06	7.4	0.07	1.13	0.24	0	0.59	0.051	5.82	1.5	0.004	8.76	5.22	0	0.21	0.08	0
0.09	26.89	0.04	0.39	0.1	0.65	0.1	1.23	0.84	0.33	0.005	0.063	10.96	1.39	0.001	0.39	0.44	0.05	0.06	0.05	0
0.03	16.23	0.01	1.78	0.003	2.01	0.51	0.46	0.74	0.48	0.001	0.072	13.2	1.24	0.005	31.59	4.31	0.09	0.28	0.08	0
4.02	7.37	0.26	2.69	0.08	4.12	0.43	1.22	0.33	0	0.001	0.151	1.88	2.07	0	42.99	2.61	0.1	0.38	0.02	0
0.15	4.36	0.02	0.41	0.007	7.78	0.61	1.95	1.29	0.05	0.002	0.088	16.67	1.11	0.004	23.26	6.74	0.09	0.06	0.05	0
0.09	4.13	0	0.97	0.06	0.07	0.01	1.28	0.99	0.42	0.002	0.165	4.21	0.73	0.005	0.11	3.82	0.02	0.07	0.06	0
0.05	25.43	0.29	1.09	0.05	7.02	0.61	1.67	1.19	0.86	0.86	0.132	1.28	1.47	0.009	0.59	3.12	0.09	0.05	0.03	0
0.02	22.94	0.03	0.47	0.09	0.05	0.06	0.05	1.26	0	0.007	0.152	3.95	0.58	0.01	4.73	0.92	0.06	0.04	0.06	0
0.06	13.1	0.47	3.58	0.05	3.18	0.37	0.51	1.49	0.24	0.003	0.02	4.43	2.13	0.008	59.33	5.55	0.04	0.08	0.07	0
0.09	13.98	0.09	0.77	0.08	0.05	0.06	0.82	1.16	0.29	0.005	0.198	7.68	1.73	0.01	6.28	4.67	0.06	0.01	0.04	0
0.05	23.58	0.05	0.11	0.05	0.06	0.08	1.14	1.16	0.85	0.85	0.114	0.74	1.43	0.005	2.63	3.75	0.05	0.07	0.06	0
0.07	4.33	0.03	0.64	0.05	0.45	0.04	0.36	0.45	0.79	0.79	0.198	7.33	1.73	0.008	2.52	0.04	0	0.01	0.06	0
0.76	9.8	1.03	1.84	0.06	4.15	0.69	0.32	0.66	0	0.006	0.123	2.47	2.09	0.002	43.67	0.66	0.04	0.05	0.03	1
0.03	0.23	0.08	0.08	0.02	0.03	0.05	1.26	0.13	0	0	0.165	4.27	1.9	0	3.56	0.42	0.07	0.04	0.01	0
0.1	15.57	0.32	2.98	0.03	0.86	0.39	0.76	0.24	0.28	0.007	0.027	4.16	1.86	0.001	26.04	3.75	0.07	0.02	0.06	0
0.04	12.29	0.01	0.48	0	0.24	0.09	0.03	0.68	0	0.006	0.053	17.71	0.27	0.008	6.73	2.5	0.1	0.05	0.04	0
0.3	0.44	0.001	2.5	0.007	6.11	0.35	1.79	0.89	0.67	0.67	0.136	14.27	1.73	0.006	16.99	4.12	0.09	0.42	0.01	1
0.02	22.24	0.28	0.61	0.03	6.46	0.55	0.68	1.2	0.26	0.006	0.155	15.77	1.29	0.009	7.29	7.81	0.05	0.06	0	0
0.06	22.03	0.78	2.31	0.12	5.26	0.68	0.34	0.12	0.74	0.74	0.135	12.77	1.2	0.002	8.67	2.38	0.06	0.19	0.04	0
0.07	1.23	0.04	3.9	0.006	2.29	0.88	0.49	1.15	0.7	0.7	0.081	9.24	1.67	0.004	40.75	6.72	0.07	0.42	0.07	0
0.06	3.62	0.01	0.18	0.09	0.02	0.05	0.05	0.07	0	0.79	0.164	0.65	0.66	0.01	7.29	0.78	0.06	0.03	0.04	0
0.1	22.8	0.001	2.01	0.002	5.87	0.78	1.53	0.87	0.13	0.008	0.079	8.64	1.19	0.007	24.61	7.77	0.06	0.11	0.05	0
0.05	7.99	0.04	2.45	0.1	0.22	0.04	0.27	0.41	0	0	0.067	19.82	1.93	0.001	0.07	0.76	0.04	0.06	0.07	0
2.96	12.45	0.53	2.4	0.04	3.24	0.05	0.11	0.11	0.41	0	0.003	1.84	1.45	0.004	36.79	0.16	0.05	0.17	0.09	0
0.1	0.51	0.09	0.34	0.07	0.04	0.08	1.94	1.49	0.15	0.001	0.114	10.9	0.73	0.007	2.04	0.45	0.04	0.05	0.09	0
4.32	8.3	0.34	2.6	0.07	5.21	0.2	0.37	0.36	0	0.002	0.06	0.44	1.69	0.003	14.35	0.6	0.04	0.31	0.06	0
4.12	17.99	0.02	3.43	0.006	0.01	0.41	1.82	0.22	0.99	0.99	0.108	8.06	1.76	0.005	24.29	0.88	0.1	0.1	0.07	1
0.02	12.37	0.03	2.52	0.001	4.91	0.66	1.5	0.68	0.8	0.8	0.193	10.2	1.72	0.006	11.36	7.67	0.1	0.39	0.04	0
2.79	29.26	0.01	3.19	0.005	6.89	0.41	0.09	0.71	0.84	0.84	0.115	8.6	1.74	0.004	16.31	2.21	0.08	0.19	0.01	1
0.03	12.19	0.1	0.33	0.06	0.46	0.02	0.3	0.14	0	0.57	0.044	5.71	0.58	0	5.37	1.1	0.06	0.09	0.07	0
0.1	22.85	0.05	0.73	0.07	0.43	0.06	0	0.27	0	0	0.183	8.8	2.18	0.006	1.6	3.24	0.06	0.04	0.07	0
0.72	6.12	0.89	1.8	0.05	5.76	0.32	0.47	0.9	0.16	0.007	0.037	4.64	1.56	0.001	49.7	6.24	0.09	0.47	0.05	0
1.27	24.4	0.97	2.87	0.07	6.34	0.23	1.27	0.21	0	0.67	0.092	6	1.25	0.01	26.77	4.5	0.08	0.25	0.09	0
0.09	22.73	0.02	0.15	0.03	0.03	0.08	0.01	0.66	0	0.7	0.126	8.49	0.3	0.003	3.59	0.33	0	0.06	0	0
1.13	27.76	0.06	4.03	0.11	5.9	0.26	0.47	1.02	0	0	0.02	19.76	1.87	0.007	44.72	2.13	0.07	0.28	0.08	0
0.04	20.56	0.09	3.94	0.05	0.08	0.01	0.72	0.09	0.11	0.003	0.166	17.24	1.1	0.009	0.52	2.63	0.01	0.06	0.09	0
1.86	20.35	0.91	0.71	0.02	4.46	0.69	1.71	1.35	0	0.85	0.1	13.13	1.4	0.005	10.27	3.63	0.01	0.48	0.09	0
0.05	0	0.05	0.98	0.01	0.07	0.07	1.84	1.48	0.13	0.005	0.135	19.01	1.97	0.002	0.25	2.63	0	0.03	0.08	0
0.14	19.14	0.03	1.08	0.002	5.57	0.19	0.68	1.36	0.74	0.74	0.126	1.51	1.01	0.007	3.14	2.21	0.01	0.41	0.08	0
0.06	0.84	0.08	1	0	0.19	0.07	0.02	1.04	0	0	0.043	2.65	2.17	0.002	1.1	3.13	0.08	0.08	0	0
0.09	28.43	0.02	2.83	0.06	0.08	0.09	1.47	1.37	0	0.002	0.197	13.53	1	0.005	0.17	0.25	0.09	0.09	0.03	0
0.1	23.18	0.02	1.82	0.008	0.53	0.8	1.39	0.66	0.7	0.7	0.126	8.49	1.22	0.003	44.84	0.72	0	0.33	0	0
0.05	10.36	0.01	3.29	0.003	0.41	0.39	0.55	1.27	0.61	0.61	0.087	16.37	1.1	0.009	53.02	2.53	0.09	0.37	0.05	0
0.01	12.37	0.07	0.45	0.04	0.7	0.02	1.75	0.19	0	0	0.045	4.63	1.7	0.007	1.7	4.15	0.02	0.02	0.06	0
0.21	15.03	0.03	3.4	0.002	6.71	0.48	1.13	1.43	0.63	0.63	0.152	6.66	1.15	0.005	1.87	5.59	0.05	0.08	0.05	0
0.09	11.93	0.07	0.12	0.07	0.04	0.01	0.56	1.29	0.64	0.64	0.18	3.01	1.2	0.008	7.66	0.7	0.09	0.04	0.09	0
0.05	29.29	0.08	0.08	0.1	0.02	0.04	0.08	0.38	0	0.84	0.064	7.23	0.72	0.005	2.76	0.45	0.07	0.01	0.06	0
0.05	5.5	0.1	0.42	0.04	0.05	0.08	0.28	0.82	0	0	0.197	2.18	2.08	0.007	4.78	2.18	0.05	0.08	0.05	0
0.09	2.2	0	0.45	0.02	0.04	0.02	0.7	0.74	0.95	0.95	0.124	15.58	0.58	0	5.62	0.21	0.08	0.01	0.07	0
0.24	9.1	0.03	1.94	0.001	7.54	0.76	0.27	1.42	0.8	0.8	0.107	14.33	1.95	0.002	19.46	3.91	0.08	0.13	0.04	0
1.09	17.55	0.04	0.69	0.003	1.27	0.38	0.41	0.72	0.25	0.007	0.02	0.29	1.38	0.01	33.17	2.97	0.06	0.1	0.02	1
0.09	24.93	0.04	1.52	0	0.08	0.08	0.02	1.25	0	0.75	0.076	7.49	0.21	0.008	2.83	1.84	0.01	0.02	0.08	0
0.07	14.84	0.04	1.93	0.1	0.18	0.01	1.9	1.1	1	1	0.165	8.02	1.63	0.003	1.56	2.07	0.09	0	0	0
0.04	27.12	0.02	0.51	0.06	0.74	0.07	0.1	0.62	0.8	0	0.093	11.58	1.59	0.004	6.29	0.2	0.03	0.07	0.02	0
2.04	7.45	0.79	2.24	0.02	2.14	0.35	0.04	1.3	0	0.007	0.11	1.22	1.09	0.008	0.88	3.11	0.07	0.13	0.04	0
0.07	19.73	0.07	1.79	0.01	0.02	0.05	0.11	1.22	0.52	0.52	0.176	3.96	0.28	0.006	0.28	0.11	0.01	0.03	0.08	0
2.69	18.34	0.6	0.98	0.03	4.98	0.35	1.98	0.99	0	0	0.099	10.52	1.85	0.001	41.07	4.49	0.06	0.18	0.08	0
0.04	27.81	0.03	3.45	0.008	7.02	0.16	0.75	0.2	0.69	0.69	0.104	5.13	1.31	0.006	39.03	6.3	0.03	0.25	0.08	0
3.88	8.52	0.36	1.03	0.09	5.68	0.22	1.09	0.4	0	0	0.125	7.86	1.44	0.008	58.5	6.5	0.01	0.15	0.04	0
0.06	5.22	0.04	0.2	0.03	0.08	0.03	0.03	0.15	0.09	0	0.165	17.06	0.56	0.003	0.15	0.18	0.01	0.01	0	0
0.87	27.35	0.03	0.96	0.005	7.79	0.65	1.23	0.84	0.33	0.005	0.063	10.96	1.39	0.001	3.43	2.39	0.05	0.26	0.05	1
0.15	20.9	0.04	2.5	0.007	7.05	0.25	1.98	0.51	0.93	0.93	0.152	12.2	1.19	0.008	34.98	1.65	0.04	0.18	0.03	0
0.04	23.22	0.06	0.98	0.06	0.48	0.01	0.26	0.82	0.74	0.74	0.197	18.01	1.3	0.003	3.3	0.98	0.1	0.07	0.07	0
0.06	28.73	0.09	1.6	0.02	0.01	0.08	1.59	1.04	0.08	0.007	0.141	7.02	0.09	0.006	4.66	1	0.05	0.02	0.08	0
0.02	24.6	0.03	2.44	0.005	5.11	0.07	1.45	0.11	0.19	0.004	0.133	13.26	1.68	0.005	58.07	0.18	0	0.36	0.08	0
2.87	23.66	0.57	1.42	0.04	3.41	0.51	1.38	1.26	0	0	0.152	4.42	1.63	0.01	0.91	0.53	0.06	0.09	0.06	0
0.01	12.13	0.05	0.01	0.08	0.24	0.01	0.08	1.46	0	0.004	0.113	9.8	0.27	0.006	0.85	2.34	0.09	0.08	0.07	0
1.5	12.58	0.05	0.73	0.001	5.45	0.7	0.3	0.14	0.57	0.57	0.044	5.51	1.43	0	48.33	5.76	0.06	0.1	0.07	0
0.07	4.64	0.16	4.17	0.09	0.22	0.65	1.47	0.21	0.33	0.005	0.106	2.8	1.26	0.001	47.85	0.06	0.06	0.04	0.05	0
0.05	23.15	0.01	3.68	0.004	4.87	0.35	0.72	0.09	0.11	0.003	0.166	16.54	1	0.009	40.12	4.61	0.01	0.05	0.09	0
2.78	0.51	0.04	2.44	0.006	1.09	0.33	1.94	1.49	0.15	0.001	0.114	9.96	1.84	0.007	28.44	2.54	0.04	0.5	0.09	1
0.08	3.87	0.01	1	0.01	0.11	0.06	1.83	0.79	0	0.7	0.122	2.07	0.18	0.01	1.73	0.57	0.09	0.01	0	0
1.87	0.7	0.95	2.64	0	3.4	0.56	1.78	1.27	0	0.002	0.163	19.1	1.12	0.006	10.5	3.61	0.1	0.25	0.04	0
2.07	24.79	0.21	3.21	0.06	4.9	0.59	1.07	1.04	0.76	0.76	0.043	3.45	2.02	0.002	6.79	3.13	0.08	0.27	0	0
0.1	0.2	0.06	0.17	0.07	0.06	0.04	0.05	0.28	0.7	0	0.096	19.34	1.42	0.007	2.56	4.03	0.03	0.03	0.08	0
0.03	22.17	0	1.63	0.02	0.44	0.01	1.59	0.27	0.88	0.88	0.183	8.23	0.76	0.006	0.15	0.26	0.06	0.02	0.07	0
0.06	22.23	0.04	2.19	0.006	0.26	0.77	1.26	0.04	0.46	0.007	0.046	11.37	1.44	0.007	16.91	2.06	0.1	0.07	0.07	0
0.04	0.68	0.01	1.37	0.004	2.47	0.28	1.05	0.28	0.7	0.7	0.096	18.41	1.42	0.007	24.83	4.03	0.03	0.37	0.08	0
0.06	13.43	0.06	0.65	0.06	0.25	0.04	0.82	1.16	0	0	0.198	7.71	2.06	0.01	0.2	2.84	0.06	0.04	0.04	0
0.04	19.5	0.09	0.24	0	0.04	0.02	1.86	0.86	0	0.005	0.197	14.52	0.84	0.001	0.43	3.92	0.08	0.01	0.07	0
3.11	17.7	0.001	3.35	0.001	1.4	0.29	1.38	1.48	0	0	0.08	17.96	1.98	0.002	28.45	3.93	0.07	0.31	0.08	0
0	4.48	0.05	2.22	0.006	5.61	0.09	1.69	0.11	0.47	0.008	0.058	8.1	1.77	0.001	20.38	7.51	0	0.19	0.09	0
0.1	25.78	0.03	0.97	0.07	0.08	0.1	0.03	1.31	0	0.57	0.109	6.07	0.36	0.007	0.94	0.99	0.05	0.06	0.02	0
0	22.07	0.02	0.06	0.01	0.1	0.05	0.24	0.66	0.09	0.008	0.17	16.17	1.51	0.006	1.05	0.97	0.02	0.04	0.02	0
0.01	8.01	0.05	0.79	0.06	0.17	0.03	0.06	0.74	0.05	0.003	0.075	4.43	0.37	0.003	5.17	6.68	0.05	0.06	0	0
0.08	5.18	0.08	0.05	0.07	0.22	0.04	0.05	1.37	0	0	0.151	8.5	1.26	0	2.33	1.86	0.07	0.06	0.03	0
0.02	23.24	0.16	3.91	0.05	2.68	0.46	0.4	0.88	0.59	0.59	0.118	7.09	2.16	0.003	36.48	1.75	0.02	0.23	0.06	0
0.09	18.84	0.05	0.75	0.08	0.03	0.09	1.85	1.43	0.68	0.68	0.089	4.43	1.15	0.004	0.37	0.09	0.03	0.04	0.04	0
0	16.87	0.06	1.14	0.04	0.06	0.07	1.89	1.05	0.83	0.83	0.184	1.31	1.54	0.001	10.02	0.81	0.07	0.07	0.07	0
0.07	7.13	0.73	2.18	0.07	3.8	0.26	1.86	0.42	0.15	0.003	0.115	6.28	2.55	0.005	32.94	6.36	0.06	0.27	0.06	0
0.07	3.62	0.1	0.82	0.03	0.04	0.08	0.06	0.13	0	0.97	0.17	11.6	0.28	0.006	1.86	0.24	0.06	0.01	0.08	0
0.09	23.97	0.03	0.62	0.08	0.01	0.08	0.06	0.01	0	0	0.006	1.55	1.36	0.01	0.32	6.59	0.04	0.08	0.08	0
0.04	16.44	0.1	0.01	0.1	0.28	0.07	1.94	0.63	0	0.75	0.109	9.37	0.55	0.008	0.76	0.59	0.02	0.01	0.02	0
0.05	7.51	0.07	0.98	0	0.54	0.01	0.36	0.45	0	0.79	0.198	8.02	0.37	0.008	4.16	0.13	0	0.06	0.06	0
0.05	0.59	0.06	0.74	0	0.1	0.06	1.52	0.76	0.57	0.57	0.155	8.45	1.96	0.002	0.38	2.37	0.1	0.05	0.08	0
0.06	9.47	0.01	3.49	0.001	3.23	0.07	0.86	1.29	0.39	0.005	0.016	11.34	1.39	0.008	30.21	6.62	0.01	0.43	0.04	0
0.04	20.09	1.02	3.73	0.07	5.41	0.86	1.94	0.8	0.32	0.004	0.124	13.2	1.56	0.01	28.11	1.51	0.01	0.27	0.04	0
4.74	16.52	0.44	2.12	0.04	5.76	0.16	0.36	0.55	0	0.005	0.19	0.18	2.34	0.007	29.15	3.71	0.06	0.13	0.04	0
0.01	24.71	0.01	0	0.08	0.06	0.01	0.09	0.59	0	0.61	0.04	18.49	0.11	0.01	2.94	0.88	0.03	0.04	0.02	0
2.16	28.72	0.14	1.09	0.01	6.51	0.41	0.13	0.82	0	0	0.088	16.7	2.04	0	30.1	2.48	0.05	0.1	0.02	1
2.11	15.06	0.33	3.47	0.07	2.25	0.48	0.75	0.09	0	0.84	0.183	11.75	2.07	0.001	14.96	3.6	0.03	0.42	0.05	0
3.19	19.64	0.04	3.8	0.006	6.66	0.6	0.79	0.32	0.64	0.64	0.044	0.23	1.34	0.001	21.92	7.8	0.08	0.16	0.05	1
0.01	13.3	0.07	0.03	0.06	0.1	0.09	1.54	0.64	0.26	0.006	0.2	14.45	1.87	0.003	0.25	1.17	0.09	0.06	0.04	0
2.11	28.82	0.03	0.7	0.002	6.29	0.41	0.13	0.82	0.48	0.008	0.088	15.94	1.86	0	27.45	2.48	0.05	0.1	0.02	0
0.01	10.92	0	1.33	0.04	0.02	0.04	1.02	1.34	0	0.62	0.062	17.33	0.17	0.006	1.15	0.13	0.02	0.06	0.06	0
0.01	0.4	0.001	2.15	0.008	7.18	0.11	0.53	1.05	0.38	0.003	0.076	11.5	1.32	0.01	6.7	5.65	0.07	0.38	0.05	0
0.01	26.26	0.09	1.52	0.04	0.03	0.06	1.57	0.11	0.52	0.52	0.018	7.49	1.95	0.001	0.45	0.15	0.08	0.06	0.05	0
4.09	0.88	0.46	1.71	0.05	4.85	0.24	1.66	0.64	0	0	0.124	13.18	1.3	0.007	32.6	3.65	0.05	0.37	0.02	0
0.08	0.41	0.57	2.66	0.08	1.17	0.33	0.06	1.49	0.15	0.001	0.001	10.11	1.85	0.007	53.45	2.54	0.04	0.5	0.09	0
0.01	0.62	0.1	0.3	0.03	0.13	0.01	0.53	1.05	0.38	0.003	0.076	12.23	0.69	0.01	2.58	0.13	0.07	0.04	0.05	0
4.05	24.04	0.001	3.74	0.005	5.24	0.61	1.33	0.18	0.81	0.81	0.041	15.78	1.81	0.01	14.78	1.29	0	0.44	0.07	1
0.07	23.53	0.02	1.66	0.02	0.4	0	1.56	0.21	0.73	0.73	0.111	4.7	0.73	0.001	0.96	0.66	0.09	0.06	0.04	0
0.06	0.21	0.09	0.37	0.04	0.01	0	0.7	0.57	0	0.005	0.065	15.86	0.83	0.008	3.14	4.98	0.03	0.04	0.03	0
0.03	2.53	0.08	0.47	0.04	0.38	0.08	0.1	0.46	0.22	0.001	0.165	6.02	1.28	0.002	0.05	0.52	0.05	0.07	0.06	0
0.36	29.21	0.16	2.38	0.07	7.42	0.89	0.34	0.61	0.98	0.98	0.076	0.68	1.27	0.003	6.18	2.95	0.04	0.02	0.05	0
0.1	6.52	0.08	0.45	0.03	0.1	0.04	0.07	1.26	0.03	0.003	0.079	8.69	0.34	0.004	7.05	0.57	0.01	0.02	0.09	0
0.04	0.43	0.08	1.2	0.04	0.01	0.02	0.69	1.35	0.04	0	0.139	1.72	0.91	0.006	2.05	0.36	0.04	0.09	0.07	0
0.01	28.33	0.09	1.97	0.01	0.05	0	1.09	0	0	0.8	0.091	17.89	0.48	0.001	8.3	0.83	0.09	0.03	0	0
3.97	7.47	0.001	2.26	0.001	3.41	0.43	1.22	0.33	0.23	0.001	0.151	1.67	1.8	0	53.36	2.61	0.1	0.38	0.02	1
0.06	0.74	0.06	0.81	0	0.17	0.04	0.15	1.1	0	0	0.194	4.74	1.58	0	0.16	3.1	0.05	0.02	0.02	0
0.01	24.9	0.04	0.05	0.04	0.32	0.1	0.01	0.79	0	0.001	0.147	0.83	0.6	0.006	2.35	0.99	0.02	0.04	0.06	1
0.07	16.83	0.03	3.51	0.002	4.73	0.41	0.66	0.4	0.25	0.003	0.144	7.36	1.56	0.01	56.08	2.73	0.09	0.45	0.04	0
0.05	0.69	0.01	0.69	0.02	0.02	0.04	1.78	1.17	0.28	0.002	0.035	1.17	0.76	0.009	3.59	0.85	0	0	0.02	0
0.43	26.42	0.03	0.45	0.002	7.12	0.25	1.4	0.07	0.74	0.74	0.145	15.12	1.17	0.003	4.14	2.63	0.08	0.22	0.06	1
0.05	25.19	0.07	0.13	0.1	0.09	0	0.03	0.63	0	0.91	0.139	6.11	0.71	0.007	1.7	1.93	0.05	0.08	0.06	0
2.51	24.22	0.69	2.2	0.1	1.46	0.06	0.68	0.01	0.95	0.95	0.006	1.59	1.58	0.01	38.59	6.59	0.04	0.46	0.08	0
0.09	5.61	0.05	0.01	0.04	0.02	0.05	0.03	0.94	0	0	0.042	2.59	1.46	0.008	0.31	1.71	0.05	0.09	0.02	0
0.08	23.13	0.04	0.12	0.006	3.67	0.29	0.98	0.27	0.2	0.005	0.012	8.32	1.02	0.004	24.98	0.74	0.07	0.45	0.08	0
0.03	0.48	0	1.15	0.07	0.46	0.05	1.63	0.57	0.68	0.68	0.151	12.31	1.07	0.009	1.95	0.4	0.1	0.01	0.03	0
0.19	13.45	0.35	3.5	0.1	3.13	0.32	0.04	0.55	0.58	0.58	0.127	2.75	1.99	0.004	56.94	6.52	0.03	0.47	0.01	0
0.06	3.53	0.07	0.04	0.02	0.04	0.06	0.05	1.38	0	0	0.033	8.39	1.84	0.007	0.21	2.42	0.09	0.02	0.02	0
2.73	8.92	0.59	4.09	0.06	0.45	0.09	0.54	0.14	0	0	0.069	8.76	2	0.007	17.15	2.91	0.08	0.43	0.09	0
0.05	17.25	0.04	3.51	0.001	2.34	0.79	1.72	0.73	0.81	0.81	0.155	10.32	1.86	0.001	40.75	4.73	0.07	0.49	0.09	0
2.74	16.69	0.02	1.4	0.001	1.35	0.57	1.43	1.39	0	0	0.118	5.46	1.76	0.001	24.43	1.42	0.04	0.05	0.07	1
4.78	12.14	0.92	1.49	0.02	3.38	0.37	1.33	1.08	0	0.005	0.093	4.82	2.12	0.001	50.47	6.81	0.02	0.31	0.01	0
0.18	27.39	0.01	3.65	0.008	2.95	0.47	0.54	0.79	0.89	0.89	0.07	14.66	1.95	0.005	41.04	0.97	0.06	0.4	0.08	0
0.15	6.81	0.01	0.85	0.006	2.55	0.25	1.09	1.35	0.16	0.002	0.031	16.99	1.7	0.007	44.76	1.15	0.08	0.26	0.08	0
4.85	2.88	0.95	1.97	0.04	3.33	0.11	1.53	1.3	0.93	0.93	0.075	12.67	1.8	0.008	16.36	4.37	0.05	0.22	0.05	0
0.08	26.13	0.29	3.41	0.11	3.77	0.32	0	1.16	0.43	0.009	0.001	12.89	1.7	0.005	58.23	6.05	0.07	0.36	0.08	0
0.02	7.85	0.09	0.02	0.01	0.39	0.03	0.01	0.8	0.93	0	0.174	16.98	1.46	0.006	4.3	6.87	0.05	0.01	0.07	0
0.06	10.77	0.09	0.2	0.09	0.04	0.05	1.63	0.75	0.95	0.95	0.162	14.05	1.22	0.001	0.33	0.65	0.06	0.09	0.05	0
1.25	0.59	0.51	2.98	0.01	3.42	0.5	1.3	1.06	0.55	0.55	0.1	4.32	1.86	0.007	9.26	6.06	0.02	0.48	0.04	0
0.01	6.6	0.43	3.41	0.1	2.83	0.25	0.07	0.53	0.62	0.62	0.188	5.5	2.02	0.009	14.49	7.9	0.07	0.13	0.08	0
0.4	21.19	0.6	0.66	0.07	4.9	0.51	0.01	1.1	0	0.89	0.142	17.48	1.44	0.006	36.48	1.36	0	0.41	0.08	0
4.18	14	0.03	0.59	0.002	2.2	0.29	0.99	0.31	0.01	0.007	0.19	10.63	1.28	0.003	5.87	3.41	0.04	0.09	0.04	1
0.08	25.25	0.03	0.84	0.03	0.24	0.05	0.46	1.41	0.08	0.006	0.049	9.99	1.47	0.006	2.42	3.14	0.03	0.04	0	0
0	12.9	0.08	0.02	0.09	0.06	0.1	1.74	0.52	0.2	0.003	0.105	3.1	1.28	0.009	1.49	2.94	0.01	0.04	0.07	0
0.05	25.67	0	1.81	0.05	0.64	0.1	0.09	0.5	0.09	0.006	0.18	3.63	0.58	0.001	5.45	0.11	0.08	0.1	0.07	0
0.07	2	0.07	0.65	0.08	0.04	0.03	1.19	0.26	0	0	0.034	17.64	1.71	0.004	3.86	1.43	0.04	0.05	0.06	0
0.18	20.46	0.04	0.27	0.005	5.41	0.61	1.93	0.02	0.49	0.007	0.194	11.49	1.05	0.008	46.83	1.5	0.06	0.21	0.02	0
0.07	23.77	0.54	3.15	0.06	5.54	0.58	0.08	0.21	0.73	0.73	0.111	4.81	2.56	0.001	51.01	7.92	0.09	0.29	0.04	0
3.42	2.4	0.001	2.8	0.003	2.87	0.73	0.27	0.53	0.44	0.002	0.11	13.73	1.69	0.009	55.27	3.29	0.04	0.17	0	0
0.26	19.64	0.76	3.63	0.07	6.04	0.78	0.08	0.29	0.02	0.007	0.001	13.51	1.86	0.007	17.73	1.27	0.05	0.11	0.06	0
0.09	2.83	0.01	0.36	0.04	0.01	0.08	0.86	1.3	0.89	0.89	0.02	10.4	1.9	0.004	11.31	3.08	0.05	0.06	0.06	0
0.03	29.15	0.001	3.89	0.001	4.07	0.83	0.26	0.16	0.91	0.91	0.176	6.38	1.2	0.009	38.6	3.22	0.05	0.06	0.09	0
2.5	27.79	0.35	3.85	0.07	3.48	0.77	1.99	0.22	0	0	0.085	3.7	2.02	0.008	36.4	2.35	0.09	0.09	0.03	0
0.06	18.04	0.01	0.69	0.004	1.49	0.86	1.44	1.42	0.31	0.007	0.177	0.19	1.2	0.002	37.89	4.95	0.06	0.07	0.06	0
0.35	21.29	0.02	0.25	0.004	4.57	0.51	0.01	1.1	0.89	0.89	0.142	17.18	1.31	0.006	11.39	1.36	0	0.41	0.08	1
0.03	0.66	0.08	0.97	0.03	0.05	0.08	0.34	0.14	0.06	0.004	0.086	14.89	1.21	0	0.02	2.38	0.01	0.08	0.06	0
0.13	18.64	0.04	1.31	0.003	5.47	0.04	1.97	0.59	0.18	0.007	0.169	5.03	1.84	0.004	38.49	7.12	0.07	0.28	0.01	0
0.06	3.08	0.05	0.43	0.05	0.36	0.06	0.6	1.29	0.04	0.008	0.145	9.16	1.42	0.006	1.5	4.76	0.05	0.05	0.06	0
0.17	21.53	0.8	1.91	0.02	0.78	0.57	0.75	1.25	0.28	0.002	0.083	16.16	1.08	0.005	9.8	4.32	0.05	0.29	0.04	0
0.13	11.54	0.27	4.59	0.12	5.85	0.64	0.06	0.27	0.42	0.008	0.062	5.33	1.57	0.009	14.74	7.76	0.06	0.03	0.09	0
2.68	6.13	0.66	3.51	0.03	5.66	0.65	1.06	1.18	0.56	0.56	0.115	16.94	1.89	0.003	2.03	7.56	0.01	0.41	0.06	0
0.76	5.77	0.03	1.21	0.001	5.33	0.57	0.58	0.62	0	0	0.006	9.58	1.25	0.003	36.9	7.5	0.02	0.09	0.03	1
2.51	13.19	0.49	2.04	0	7.32	0.24	0.38	0.61	0.2	0.001	0.03	2.34	1.42	0.009	5.91	3.6	0	0.37	0.04	0
0.01	0.67	0.03	1.42	0.06	0.07	0.07	0.01	0.33	0.22	0	0.061	2.07	1	0.01	11.38	4.79	0.01	0.05	0.02	0
0.08	9.05	0.02	0.95	0.1	0.01	0.08	1.36	0.31	0.84	0.84	0.1	15.27	0.03	0.004	2.32	0.16	0.03	0.02	0.06	0
0.06	26.93	0.42	1.24	0.12	5.23	0.18	1.93	0.78	0.55	0.55	0.17	18.94	1.71	0.003	16.45	4.82	0.04	0.15	0.01	0
0.18	10.29	0.02	0.92	0.005	4.05	0.87	0.19	1.18	0.71	0.71	0.162	6.82	1.35	0.001	24.25	0.62	0.07	0.06	0.03	1
0.01	25.95	0.1	0.07	0.08	0.61	0.07	1.4	0.07	0.74	0.74	0.145	15.12	1.17	0.003	0.07	0.26	0.08	0.01	0.06	0
0.07	9.8	0.32	2.32	0.08	3.52	0.69	0.32	0.66	0.3	0.006	0.123	2.61	1.74	0.002	43.03	0.66	0.04	0.05	0.03	1
4.61	11.52	0.01	2.35	0.001	3.33	0.42	0.83	1.09	0.14	0.005	0.151	15.19	1.3	0.006	25.23	1.68	0.07	0.17	0.01	1
0.02	3.95	0.07	0.61	0.03	0.33	0.04	0.03	0.83	0	0.8	0.194	8.16	0.43	0.006	1.75	0.72	0.1	0.04	0.05	0
0.64	13.62	0.38	1.5	0.06	6.75	0.17	0.57	1.33	0	1	0.065	17.28	1.64	0.004	48.49	5.45	0.08	0.48	0.08	0
0.02	22.01	0.08	0.47	0.07	0.06	0.03	1.26	0.59	0.75	0.75	0.011	3.76	1.28	0.01	3.87	0.88	0.02	0.01	0.06	0
0	3.62	0.09	0.17	0.04	0.29	0.03	0.75	0.44	0	0.68	0.157	16.44	0.32	0.002	4.27	0.72	0.04	0.06	0.04	0
0.06	4.89	0.07	0.16	0.09	0.36	0.09	1.05	0.15	0.24	0.004	0.154	12.44	1.33	0.006	5.44	0.02	0.06	0.09	0.01	0
0.09	10.69	0.07	0.24	0.08	0.21	0.09	0.06	0.88	0	0.001	0.032	3.23	0.14	0.003	5.75	5.57	0.06	0.01	0.07	0
3.13	27.2	1.03	0.93	0.08	1.8	0.88	0.76	1.33	0.37	0.003	0.077	17.53	2.04	0.007	32.57	5.13	0.05	0.2	0.06	0
0.08	8.72	0.06	0.82	0.08	0	0.06	0.07	0.64	0	0.007	0.089	17.91	0.52	0.006	0.08	1.22	0.04	0.01	0.06	0
0.04	0.34	0.01	0.71	0.01	0.3	0.03	0.01	0.57	0	0.005	0.065	15.53	0.29	0.008	3.72	3.58	0.03	0.1	0.03	0
1.44	3.07	0.03	2.83	0.008	3.49	0.13	1.22	0.46	0.37	0.004	0.105	8.84	1.11	0.005	48.1	5.64	0.09	0.15	0.08	1
0.12	20.25	0.04	0.57	0.005	7.81	0.02	0.72	1.45	0.19	0.006	0.11	17.2	1.47	0.008	35.13	6.93	0.02	0.11	0.08	0
0.1	0.11	0.04	0.82	0.07	0.01	0.08	0.02	0.79	0	0.008	0.198	8.05	0.7	0.002	6.12	0.25	0.08	0.03	0	0
2.99	11.76	0.64	2.71	0.01	2.36	0.57	1.81	0.38	0	0.006	0.083	7.72	1.67	0.007	12.99	6.11	0.05	0.24	0	0
2.41	13.57	0.56	3.2	0.06	4.49	0.6	0.88	0.28	0.15	0.005	0.097	7.86	1.47	0.004	51.65	6.35	0.03	0.29	0.08	0
0.04	7.4	0	0.3	0.02	0.34	0.03	0.02	1.39	0	0.001	0.02	10.63	0.64	0.003	5.92	5.38	0.08	0.07	0.07	0
1.55	0.03	0.01	1.19	0.006	0.21	0.85	0.58	0.34	0.53	0.53	0.183	4.25	1.21	0.007	25.24	6.53	0.07	0.27	0.05	1
1.77	10.45	0.04	2.06	0.007	6.12	0.65	1.05	0.96	0.32	0.008	0.049	1.61	1.7	0.001	10.44	1.86	0.01	0.07	0.05	1
3.12	13.81	0.55	4.29	0.1	6.72	0.87	1.57	0.13	0.59	0.59	0.001	10.58	2.01	0.009	22.99	0.78	0.06	0.48	0.07	0
0.1	1.07	0.1	0.89	0.05	0.24	0.02	0.06	1.47	0	0.9	0.097	2.42	0.54	0.003	2.58	1.65	0.01	0.04	0.01	0
0.85	10.38	0.05	0.17	0.006	7.52	0.89	0.52	0.32	0.31	0.002	0.11	3.55	1.79	0	6.24	4.15	0.01	0.1	0.02	1
0.01	3.58	0.03	2.35	0.005	7.82	0.26	0.49	1.38	0.31	0.009	0.115	18.27	1.9	0.005	42.34	1.9	0.08	0.05	0.08	0
0.09	28.72	0.07	1.13	0.03	0.37	0.03	1.76	0.33	0.17	0	0.126	4.57	1.6	0.008	7.24	2.47	0.05	0.06	0.08	0
0.07	0.33	0.05	2.06	0.09	0.05	0.1	0.01	0.91	0	0.78	0.174	7.09	0.86	0.005	0.73	1.37	0.07	0.09	0.06	0
0.09	22.29	0.24	1.8	0.06	3.41	0.19	0.09	0.47	0.67	0.67	0.042	1.08	1.87	0.008	10.59	2.28	0.1	0.35	0.08	0
0.13	9.34	0.04	1.39	0.004	7.59	0.19	1.22	1.06	0.27	0.008	0.103	3.7	1.42	0.007	20.28	4.35	0.01	0.41	0.07	0
0.18	6.31	0.05	2.91	0.006	5.66	0.01	0.98	0.33	0.49	0.007	0.062	4.91	1.18	0.004	43.27	0.06	0.03	0.36	0.03	0
0.01	23.37	0.95	3.27	0.09	7.87	0.04	0.09	0.12	0.52	0.52	0.121	11.04	1.15	0.002	2.73	5.97	0.08	0.2	0.01	0
0.02	1.95	0.07	0.92	0.01	0.11	0.04	1.22	0.33	0	0	0.151	2.46	2.05	0	7.82	1.46	0.1	0.1	0.02	0
2.29	5.42	0.18	0.91	0.09	4.27	0.54	0.04	0.6	0	0.009	0.016	2.55	1.43	0.002	52.27	7.42	0.05	0.1	0.08	0
0.09	0.11	0.06	0.22	0.04	0.05	0.03	0.31	1.3	0.37	0.001	0.154	15.68	0.28	0.007	2.5	2.65	0.09	0.1	0.04	0
0.04	25.94	0.05	0.71	0.03	0.02	0.05	0.91	0.42	0.44	0.006	0.107	13.24	1.19	0.009	0.49	0.69	0.04	0.04	0	0
3.01	23.5	0.86	3.88	0.09	6.53	0.9	0.8	0.63	0	0.007	0.112	10.82	1.45	0.001	21.28	2.24	0.03	0.3	0.05	0
0.04	26.21	0.02	0.02	0.02	0.02	0.07	1.14	0.92	0.02	0.006	0.019	14.48	0.68	0.009	6.8	0.29	0.07	0.1	0.04	0
0.21	8.11	0.04	3.49	0.005	3.17	0.49	1.49	0.58	0.8	0.8	0.121	1.88	1.81	0.001	16.74	7.01	0.08	0.11	0.07	1
0.09	24.02	0.09	1.53	0.04	0.02	0.01	0.68	0.01	0.95	0.95	0.006	0.9	0.27	0.01	4.97	4.51	0.04	0.06	0.08	0
0.05	12.27	0.08	2.66	0.09	0.05	0.09	0.02	0.51	0.02	0.008	0.187	1.07	0.97	0.01	0.44	6.41	0.08	0.01	0	0
0.09	15.72	0.02	3.28	0.001	3.16	0.07	0.67	0.08	0.61	0.61	0.123	3.28	1.72	0	5.54	0.32	0.03	0.06	0.01	1
0.07	26.26	0.01	0.18	0.004	2.14	0.08	1.81	0.92	0.7	0.7	0.018	0.35	1.7	0.008	2.59	4.98	0.03	0.3	0.01	0
0.01	8.33	0.04	1.67	0.07	0.64	0.07	0.27	1.42	0.8	0.8	0.107	14.67	0.18	0.002	2.3	2.55	0.08	0.06	0.04	0
0.11	12.97	0.08	1.16	0.1	6.28	0.83	0.07	0.25	0.54	0.54	0.023	8.96	1.54	0.008	49.56	2.6	0.03	0.4	0.09	0
0.05	11.65	0.02	0.99	0	0.44	0.08	0.01	1.19	0	0	0.032	16.12	1.35	0.005	7.98	5.57	0.09	0.07	0.06	0
0.09	4.26	0.01	0.23	0.06	0.22	0.09	0.03	1.14	0.77	0	0.174	9.33	1.4	0.006	3.57	0.22	0.04	0.1	0.09	0
2.89	14.74	0.88	2.39	0.03	5.25	0.18	0.69	1.06	0.89	0.89	0.061	1.67	1.5	0	52.92	5.22	0.01	0.21	0.06	0
0.09	28.48	0.02	1.27	0.02	0.03	0.01	1.8	0.55	0.26	0.006	0.097	15.55	0.96	0.004	4.5	0.06	0.08	0.02	0.07	0
0.01	8.28	0.07	3.15	0.05	7.54	0.3	1.71	0.03	0.6	0.6	0.193	11.32	1.57	0.003	49.19	1.75	0.01	0.04	0.04	0
0.1	0.96	0	0.26	0.03	0.06	0.07	0.93	1.44	0	0	0.199	13.04	1.57	0.01	1.89	1.06	0.03	0.01	0.05	0
0.83	22.1	0.82	2.46	0.07	4.93	0.15	1.33	0.63	0.74	0.74	0.132	11.99	2.68	0.009	57.54	6.68	0.1	0.11	0.05	0
0.01	19.2	0.06	1.22	0.07	0.33	0.01	0	1.27	0.23	0	0.176	14.84	1.16	0	0.88	6	0.07	0.09	0.04	0
1.56	22.25	0.01	3.52	0.007	6.37	0.54	0.81	1.25	0.15	0.002	0.156	7.85	1.41	0.007	45.65	2.19	0.09	0.37	0.04	0
2.25	6.71	0.01	1.66	0.009	1.82	0.14	1.63	0.26	0	0	0.142	2.11	1.47	0.006	10.56	1.2	0	0.45	0	1
0.1	0.21	0.08	0.52	0	0.02	0	1.78	1.27	0.15	0.002	0.163	18.18	1.12	0.006	0.33	1.41	0.1	0.08	0.04	0
0.08	17.42	0.03	0.44	0.07	0.07	0.01	0.35	1.43	0.71	0.71	0.061	18.47	1.2	0.004	11.62	1.44	0.05	0.01	0.03	0
3.81	23.79	0.82	3.99	0.02	1.19	0.11	1.04	1.06	0.5	0.5	0.038	16.14	1.37	0.005	33.04	5.52	0.06	0.42	0.09	0
0.16	6.48	0.96	3.54	0.09	2.19	0.53	1.05	1.26	0.03	0.003	0.079	9.57	1.8	0.004	15.24	1.67	0.01	0.12	0.09	0
0.01	10.68	0.06	0.14	0.05	0.5	0.08	1.13	0.24	0.59	0.59	0.051	5.48	1.35	0.004	6.7	0.65	0	0.02	0.08	0
0.09	16.84	0.09	0.65	0.09	0.05	0.03	0.12	0.48	0.93	0.93	0.142	0.49	1.76	0.009	1.26	2.84	0.05	0.05	0.04	0
0.29	24	0.03	2.45	0.006	2.16	0.1	1.76	0.74	0.32	0.002	0.048	11.35	1.96	0.004	0.48	0.1	0.07	0.09	0.01	1
3.65	8.52	0.07	1.3	0.02	1.55	0.19	1.76	0.21	0.98	0.98	0.01	3.36	1.87	0.002	22.86	1.54	0.09	0.16	0.01	0
0.03	20.49	0.09	2.4	0.03	0.09	0	1.29	0.13	0	0.008	0.169	10.11	1.42	0.006	1.73	0.49	0.08	0.09	0.01	0
0.03	12.37	0.04	2	0.1	0.17	0.03	0.51	1.49	0.24	0.003	0.02	3.74	1.6	0.008	0.33	1.33	0.04	0.09	0.07	0
0.09	26.63	0.21	0.65	0.04	1.14	0.9	0.07	0.26	0.55	0.55	0.001	2.13	1.28	0.008	17.79	1.34	0.03	0.19	0.05	0
0.03	18.48	0.03	2.17	0.007	5.21	0.73	0.8	1.28	0.93	0.93	0.184	10.89	1.46	0.003	42.94	5.85	0.09	0.49	0.09	0
1.44	24.6	0.01	3.73	0.006	2.79	0.02	1.17	1.09	0.46	0.008	0.089	13.08	1.52	0.004	50.43	1.22	0.03	0.03	0.08	0
0.09	17.84	0.01	0.04	0.1	0.04	0.04	1.58	0.96	0.31	0.009	0.057	7.61	1.59	0.006	1.82	0.38	0.07	0.1	0.07	0
0.07	3.45	0.06	1.52	0.02	0.09	0.03	0.09	1.47	0.14	0	0.065	18.83	1.59	0.009	2.71	0.89	0.04	0.02	0.06	0
0.29	5.43	0.04	2.34	0.002	4.13	0.7	1.51	0.89	0.55	0.55	0.164	8.49	1.49	0.001	37.15	0.25	0.08	0.01	0.09	0
2.25	11.64	0.01	3.73	0.009	5.67	0.64	0.4	0.27	0	0	0.062	4.46	1.26	0.009	26.12	7.76	0.06	0.03	0.09	1
4.38	28.94	0.35	2.06	0.1	3.43	0.87	0.95	0.43	0.94	0.94	0.07	3.87	1.39	0.003	57.08	4.67	0.07	0.27	0.06	0
0.1	24.97	0.05	0.83	0.08	0.19	0.05	0.71	0.91	0	0.66	0.182	15.37	0.78	0.006	0.02	0.51	0.08	0.05	0.05	0
0.1	15.46	0.03	0.54	0.007	3.99	0.19	0.28	1.16	0.85	0.85	0.005	10.61	1.2	0.005	33.56	1.46	0.09	0.23	0.08	0
0.06	9.64	0.09	2.36	0.07	0.05	0.01	1.53	1.17	0.43	0.007	0.091	14.04	1	0.009	11.97	0.07	0.03	0.04	0.04	0
0.39	12.69	0.05	3.75	0.006	7.44	0.65	1.78	0.01	0.75	0.75	0.153	4.86	1.99	0.004	25.23	2.86	0.01	0.23	0.07	1
2.34	15.95	0.4	1.25	0.08	5.38	0.19	1.64	0.61	0	0	0.038	12.19	1.55	0.006	18.77	4.33	0.02	0.28	0.08	0
0.02	17.48	0.03	2.27	0.05	0.04	0.07	1.38	1.48	0.67	0.67	0.08	18.92	1.78	0.002	2.3	0.79	0.07	0.08	0.08	0
0.11	2.47	0.99	3.8	0.01	7.01	0.32	0.13	0.3	0.2	0.003	0.05	17.38	1.85	0.005	57.97	1.94	0.01	0.41	0	0
0.08	13.96	0.001	3.72	0.001	5.17	0.37	1.64	1.39	0.3	0.005	0.156	15.69	1.22	0.003	16.85	0.67	0.03	0.21	0.06	0
0.04	28.23	0.04	0.29	0.008	0.63	0.36	0.06	1.03	0.44	0.007	0.142	1.69	1.52	0.002	3.23	1.15	0.09	0.42	0.02	0
0.07	19.21	0.02	3.52	0.01	0.09	0.06	0.79	0.32	0	0.64	0.044	0.41	0.26	0.001	0.03	2.3	0.08	0.02	0.05	0
4.76	23.31	0.41	1.88	0.11	6.84	0.43	1.83	1.03	0	0	0.137	10.85	1.75	0.002	44.05	1.08	0.06	0.27	0.02	0
0.52	28.28	0.66	1.46	0.04	5.36	0.05	1.33	1.29	0.43	0.006	0.108	9.25	2.01	0.004	29.05	2.12	0.07	0.07	0.01	1
0.05	25.04	0.05	0.95	0.06	0.11	0.09	1.72	0.49	0.6	0.6	0.093	7.5	1.23	0.009	0.98	2.2	0.02	0.07	0.07	0
0.07	11.08	0.08	2.14	0.02	0.09	0.01	0.02	0.31	0	0.002	0.17	7.3	0.45	0.001	2.57	0.89	0.04	0.02	0.06	0
0.05	9.9	0.03	1.27	0.02	0.09	0.01	0.36	1.31	0.64	0.64	0.154	9.48	1.35	0.006	0.15	5.96	0.06	0.03	0.01	0
0.06	14.2	0.08	0.63	0.02	0.1	0.08	0.02	0.92	0	0	0.018	0.45	1.71	0.008	4.55	4.98	0.03	0.02	0.01	0
0.07	20.32	0.03	1.3	0.07	0.01	0.08	1.56	0.63	0.45	0.006	0.142	6.29	1.62	0.007	4.82	0.58	0.06	0.09	0.01	0
0.08	5.49	0.08	0.73	0.08	0.05	0.05	1.74	0.97	0.24	0.004	0.199	13.63	1.66	0.006	0.28	0.33	0.07	0.03	0.08	0
0.04	20.18	0.03	3.5	0.005	2	0.13	1.43	1.34	0.76	0.76	0.069	6.71	1.19	0.002	38.64	2.6	0	0.37	0.03	0
0.03	2.52	0.09	0.86	0.02	0.55	0.01	0.1	0.46	0.22	0.001	0.165	5.52	1.89	0.002	12.78	0.45	0.05	0.05	0.06	0
0.08	1.34	0	0.36	0.08	0.08	0.07	0.03	1.35	0	0	0.026	7.46	2.89	0.009	0.07	6.8	0.07	0.07	0.06	0
4.09	7.51	0.04	4.22	0.01	3.67	0.45	0.91	1.26	0	0.74	0.16	15.66	1.25	0.004	33.38	1.56	0.01	0.16	0.08	0
0.06	5.67	0.04	0.14	0.02	0.22	0.07	0.04	1.37	0.84	0.84	0.032	4.38	1.48	0.007	0.2	0.97	0.07	0.02	0	0
0.01	3.82	0.07	0.3	0	0.36	0.08	0.01	0.61	0.01	0.001	0.117	11.98	0.06	0.004	0.47	0.72	0.02	0.03	0.06	0
0.05	0.45	0.09	1.21	0.03	0.15	0.1	0.07	1.12	0.1	0.001	0.108	9.36	0.61	0.009	3.87	2.8	0.02	0.04	0.07	0
0.02	12.42	0.08	0.66	0.04	0.38	0.02	0.7	0.52	0.59	0.59	0.152	14.44	1.12	0.004	0.3	0.22	0.03	0.02	0.07	0
0.46	14.42	0.56	1.41	0.08	0.74	0.8	1.94	1.31	0	0.69	0.194	16.25	1.65	0.004	0.57	1.79	0.06	0.42	0.01	0
1.06	13.92	0.48	1.28	0.04	4.83	0.53	0.02	0.99	0	0	0.078	15.15	1.64	0.006	9.22	7.07	0.07	0.44	0.01	0
0.08	14.1	0.02	0.16	0.02	0.05	0.08	0.08	0.04	0	0.007	0.074	16.31	0.53	0.008	0.32	3.96	0.09	0.03	0	0
3.35	12.31	0.03	0.35	0.006	5.59	0.8	0.03	0.93	0.62	0.62	0.05	18.81	1.9	0.001	48.98	4.21	0.06	0.07	0.02	0
0.04	19.6	0.001	3.09	0.003	7	0.57	1.38	0.13	0.36	0.002	0.117	18.84	1.2	0.001	44.79	1.11	0.08	0.37	0.01	0
1.96	21.81	0.04	2.42	0.08	3.97	0.69	1.08	1.18	0	0.55	0.105	3.23	1.2	0.006	56.14	4.88	0.08	0.29	0.06	0
2.15	8.12	0.94	2.92	0.12	0.51	0.03	1.22	0.78	0.46	0.007	0.082	18.02	1.66	0.006	36.09	7.02	0.04	0.2	0.01	0
0.03	3.07	0.04	2.92	0.08	0.07	0.04	0.05	1.36	0.72	0	0.161	12.49	2.09	0.008	9.47	6.59	0.06	0.06	0.04	0
0.03	6.04	0.08	0.56	0.05	0.42	0.02	0.29	0.5	0.7	0.7	0.136	19.47	2.06	0.001	4.53	0.97	0.02	0.04	0.02	0
0.03	22.93	0.03	0.85	0.07	0.03	0.07	0.06	1.03	0.04	0.007	0.067	13.92	0.99	0	1.83	1.26	0.05	0.08	0	0
0.25	2.5	0.15	2	0.03	4.99	0.66	0.86	0.11	0.85	0.85	0.101	6.77	1.33	0.008	43.38	5.59	0.04	0.45	0.06	0
0.19	2.5	0.62	2.56	0.01	5.22	0.66	0.86	0.11	0	0.85	0.101	6.6	1.21	0.008	43.27	5.59	0.04	0.45	0.06	0
0.07	27.15	0.07	1.93	0.01	0.57	0.01	0.03	0.2	0	0.69	0.104	5.13	0.35	0.006	2.61	2.87	0.03	0.02	0.08	0
0.07	26.86	0.62	3.99	0.07	6.52	0.12	1.41	0.92	0.93	0.93	0.075	16.23	2.58	0.005	33.61	5.24	0.05	0.15	0.07	0
0.78	22.26	0.42	3.87	0.08	6.05	0.71	0.53	0.95	0	0	0.011	12.4	1.79	0.006	31.07	3.57	0.03	0.01	0.05	0
0.92	9.34	0.04	1.39	0.004	7.59	0.19	1.22	1.06	0.27	0.008	0.103	3.7	1.42	0.007	20.28	4.35	0.01	0.41	0.07	1
0.06	15.91	0.04	1.85	0.05	0.21	0.07	1.86	1.05	0.58	0.58	0.006	6.47	1.45	0.003	4.47	0.06	0.04	0.04	0.01	0
0.02	23.98	0.01	1.03	0.09	0.37	0.01	0.4	0.71	0.2	0.008	0.022	3.1	1.96	0.009	1.92	0.67	0.09	0.06	0.02	0
0.01	21.44	0.06	0.6	0.09	0.46	0.04	0.93	0.2	0.51	0.51	0.105	5.88	1.48	0.002	2.83	0.42	0.04	0.06	0.05	0
0.07	12.01	0.08	0.18	0.08	0.1	0.06	0.1	0.02	0.49	0	0.194	11.89	1.18	0.008	8.78	1.5	0.06	0.08	0.02	0
0.09	2.83	0	2.06	0.03	0.06	0.08	0	1.23	0	0	0.142	1.61	1.33	0.002	1.74	5.17	0.02	0.04	0.04	0
0.1	10.19	0.24	1.56	0.13	4.09	0.87	0.19	1.18	0.71	0.71	0.162	7.4	2.24	0.001	18.12	0.62	0.07	0.06	0.03	1
1.12	9.92	0.01	1.98	0.003	3.08	0.66	1.26	1.33	0.34	0.006	0.164	2.65	1.74	0	16	1.18	0.01	0.42	0.01	1
0.01	16.35	0.08	0.54	0.07	0.06	0.03	0.1	0.41	0	0.67	0.067	18.84	0	0.001	0.96	0.97	0.04	0.07	0.07	0
0.05	7.48	0.04	3.91	0.003	1.1	0.81	1.52	0.94	0.15	0.008	0.042	2.06	1.43	0.008	13.7	1.71	0.05	0.49	0.02	0
0.07	15.59	0	0.03	0.04	0.34	0.01	0.31	0.74	0	0.55	0.093	8.12	0.64	0.009	4.9	0.13	0.09	0.01	0.05	0
0.05	15.37	0.01	1.58	0.03	0.09	0.02	0.05	0.8	0	0.69	0.104	8.26	0.25	0.004	4.61	1.43	0.09	0.02	0.05	0
4.13	5.14	1	2.55	0.01	5.72	0.84	1.77	0.94	0	0.006	0.126	0.46	1.94	0.005	19.17	4.51	0.07	0.02	0.05	0
0.02	24.87	0.1	0.45	0.06	0.23	0.05	0	1.42	0	0.006	0.182	10.66	0.41	0.005	0.48	1.84	0	0.09	0.05	0
0.09	8.21	0.08	0.24	0.01	0.1	0.05	0.08	0.45	0	0	0.053	4.4	2.38	0.005	3.52	7.63	0.08	0.04	0.04	0
2.68	26.63	0.7	1.17	0.02	0.9	0.9	1.86	0.26	0	0.55	0.013	1.91	1.82	0.008	17.92	1.34	0.03	0.19	0.05	0
0.28	20.4	0.5	2.41	0.07	0.95	0.17	1.07	1.03	0.27	0.002	0.141	17.17	1.39	0.006	18.58	2.73	0.1	0.34	0.08	0
0.07	27.35	0.05	0.28	0.02	0.09	0.08	1.24	0.14	0	0.51	0.032	19.47	0.66	0	4.43	0.82	0.03	0.07	0.01	0
0.1	0.08	0.04	0.34	0.01	0.33	0.02	1.41	1.08	0	0.002	0.15	0.81	0.71	0.003	0.67	2.59	0.04	0.04	0.04	0
3.98	19.77	0.88	1.47	0.09	6.4	0.1	1.86	0.86	0	0	0.197	14.12	1.99	0.001	24.19	7.24	0.08	0.08	0.07	0
0.78	22.2	0.001	2.25	0.003	4.74	0.15	1.33	0.63	0	0	0.132	11.04	1.85	0.009	30.91	6.68	0.1	0.11	0.05	0
0.09	20.7	0.05	2.61	0.02	0.02	0	0.55	0.19	0.72	0.72	0.089	0.16	1.12	0.004	5.89	3.42	0.01	0.07	0.03	0
0.09	15.7	0.06	0.27	0.02	0.05	0.06	0.02	0.88	0	0	0.076	15.55	1.55	0.009	0.32	6.6	0.05	0.08	0.05	0
0.14	7.77	0.72	0.88	0.02	6.77	0.28	0.36	0.45	0.79	0.79	0.198	7.22	1.38	0.008	34.46	1.1	0	0.33	0.06	0
0.34	20.63	0.01	0.76	0.006	4.93	0.42	0.61	1.26	0.42	0.005	0.162	0.49	1.45	0.008	50.59	3.04	0.05	0.37	0.05	0
4.61	18.92	0.08	1.93	0.08	6.35	0.57	1.9	0.44	0.84	0.84	0.028	12.21	1.93	0.003	13.47	7.31	0.02	0.44	0.05	0
0.05	19.31	0.001	0.47	0.002	7.89	0.43	1.84	0.75	0.92	0.92	0.142	7.14	1.36	0.004	53.71	5.84	0.02	0.38	0.09	0
0	15.67	0.09	2.22	0.1	0.02	0.04	1.5	0.25	0.02	0	0.083	6.45	0.35	0.009	13.59	0.6	0.02	0.01	0	0
0.09	11.68	0.07	0.1	0.09	0.28	0.07	1.73	0.8	0.93	0.93	0.174	16.88	1.45	0.006	3.55	2.72	0.05	0.01	0.07	0
0.08	11.39	0.04	0.82	0	0.04	0.02	1.82	0.44	0	0	0.022	15.33	2.2	0.007	4.51	0.11	0.03	0.04	0.06	0
0.09	26.79	0.05	0.96	0.08	0.26	0.07	0	0.14	0	0.51	0.032	18.58	0.92	0	8.75	0.98	0.03	0.01	0.01	0
0.41	14.52	0.02	0.77	0.005	0.6	0.8	1.94	1.31	0.69	0.69	0.194	15.32	1.54	0.004	6.86	1.79	0.06	0.42	0.01	1
0.04	19.41	0.02	0.53	0.08	0.31	0.07	1.69	1.35	0.63	0.63	0.106	18.08	1.28	0.01	0.84	2.04	0.04	0.01	0.05	0
0.06	0.29	0.03	3.65	0.002	1.36	0.42	1.31	0.63	0.44	0.003	0.139	15.88	1.83	0.002	53.92	1.04	0.1	0.34	0.08	0
0.06	0.64	0.05	2.51	0.02	0.08	0.05	0.73	1.43	0	0	0.081	11.3	1.79	0.004	0.87	0.55	0.08	0.06	0.07	0
0.06	23.45	0.07	0.5	0.07	0.27	0.07	0.92	1.09	0	0.75	0.085	6.58	0.12	0.009	0.41	0.46	0.05	0.09	0.01	0
0.05	29.82	0.02	1.96	0.003	0.94	0.79	1.98	0.63	0.99	0.99	0.005	14.86	1.51	0.01	17.84	7.59	0	0.44	0.06	0
0.62	28.89	0.03	2.45	0.003	7.12	0.06	0.66	0.03	0.62	0.62	0.024	1.42	1.57	0.01	2.63	5.82	0.02	0.17	0.03	1
0.03	19.23	0.14	4.53	0.07	4.16	0.6	0.08	0.84	0.15	0.001	0.001	13.22	1.28	0.009	37.98	4.13	0.01	0.48	0.01	0
0.06	9.95	0.01	0.88	0.08	0.19	0.09	0.07	1.01	0.03	0.006	0.013	13.77	0.96	0.002	6.85	0.26	0.09	0.08	0.09	0
0.99	28.24	0.04	3.57	0.008	2.58	0.65	0.25	1.16	0.98	0.98	0.191	10.96	1.05	0.007	44.03	6.19	0.03	0.17	0.07	0
3.02	9.82	0.83	1.08	0.04	3.3	0.51	1.36	0.31	0.84	0.84	0.1	14.98	1.24	0.004	58.1	1.82	0.03	0.5	0.06	0
0.02	20.07	0.04	0.94	0.06	0.02	0.08	0.08	0.23	0	0.006	0.195	13.79	0.87	0.001	0.35	1.72	0.09	0.04	0.08	0
0.02	29.03	0.02	0.12	0.07	0.26	0.09	0.95	0.43	0.94	0.94	0.07	3.72	1.36	0.003	4.94	3.32	0.07	0.02	0.06	0
2.78	19.32	0.67	1.94	0.02	2.38	0.74	0.18	0.13	0	0	0.132	9.63	1.82	0.006	8.39	6.35	0	0.17	0.06	0
2.04	22.26	0.03	1.79	0.005	5.98	0.7	1.92	1.36	0.94	0.94	0.128	7.67	1.54	0.008	24.13	0.85	0.07	0.36	0.03	1
2.2	25.8	0.88	3.5	0.06	1.92	0.11	1.96	1.32	0	0	0.192	13.65	1.6	0.002	36.58	2.96	0.09	0.32	0.09	0
0.08	9.87	0.04	0.55	0.04	0.01	0.07	1.76	0.65	0.92	0.92	0.105	2.84	1.11	0.008	8.26	0.4	0.09	0.06	0.07	0
0.08	9	0.07	0.17	0.01	0.35	0.04	1.76	0.56	0.5	0.5	0.096	6.79	0.65	0.002	7.7	0.43	0.1	0.04	0.01	0
0.1	23.77	0.02	1.53	0.005	4.18	0.53	1.99	0.81	0.19	0.001	0.098	3.77	1.65	0.003	2.08	4.51	0.1	0.07	0.02	0
0.06	4.22	0.05	0.63	0.006	4.43	0.5	1.58	0.13	0.97	0.97	0.17	11.6	1.07	0.006	9.82	0.83	0.06	0.23	0.08	0
3.95	3.2	0.04	0.73	0.007	7.17	0.01	0.7	1.43	0.35	0.004	0.188	9.23	1.84	0.002	2.43	5.26	0.06	0.47	0.03	1
0.01	24.28	0.08	0.14	0.03	0.13	0.01	0.01	1.19	0.09	0.005	0.032	15.36	1	0.005	0.37	1.54	0.09	0.05	0.06	0
1.7	4.26	0.05	0.78	0.11	7.95	0.61	1.95	1.29	0	0.002	0.088	17.63	1.24	0.004	44.18	6.74	0.09	0.06	0.05	0
0.09	16.43	0.01	0.38	0.02	0.07	0.03	0.31	0.74	0.55	0.55	0.093	7.85	1.78	0.009	4.04	1.7	0.09	0.02	0.05	0
0.04	25.34	0.03	2.5	0.03	0.23	0.06	1.62	1.27	0	0.001	0.117	12.88	1	0.005	0.77	0.76	0.1	0.03	0.03	0
0.03	8.26	0.07	0.99	0.06	0.05	0.02	0	0.82	0	0.005	0.037	13.27	0.67	0	2.22	0.76	0	0.08	0.01	0
0.09	6.34	0.12	3.59	0.02	6.8	0.18	0.33	0.22	0.31	0.008	0.163	11.67	1.11	0.007	29.35	3.14	0.04	0.38	0.06	0
0.1	28.38	0.01	0.25	0.09	0.14	0.02	0.13	0.82	0	0.008	0.088	16.26	1.02	0	3.27	1.61	0.05	0.1	0.02	0
0.01	18.33	0.04	0.42	0.09	0.58	0.09	1.41	0.37	0.79	0.79	0.085	5.77	1.7	0.007	3.42	0.85	0.06	0.03	0.08	0
0.06	14	0.03	0.59	0.002	2.2	0.29	0.99	0.31	0.01	0.007	0.19	10.63	1.28	0.003	5.87	3.41	0.04	0.09	0.04	0
0.04	10.59	0.01	0.95	0.02	0.17	0.03	0.04	0.51	0	0	0.152	13.15	1.69	0.008	0.16	1.65	0.04	0.08	0.03	0
0.01	13.79	0.09	2.02	0.08	0.05	0.02	0.48	1.48	0.06	0.001	0.117	3.19	1.39	0.004	10.16	2.58	0.06	0	0.09	0
0.05	25.44	0.29	1.2	0.12	1.99	0.32	0.04	0.22	0.21	0.005	0.001	18.26	1.61	0.009	2.21	2.08	0.06	0.11	0.05	0
0.34	4	0.02	0.28	0.005	0.81	0.33	0.07	0.7	0.01	0	0.008	6.74	1.69	0.006	20.14	7.85	0.06	0.13	0.08	0
0.95	10.26	0.97	3.18	0.13	5.11	0.17	1.29	1.01	0	0.006	0.013	14.54	1.48	0.002	29.93	0.49	0.09	0.07	0.09	0
0.01	2.95	0.02	0.15	0.01	0.09	0.07	0.08	1.41	0.63	0	0.128	9.44	1.94	0.01	0.47	2.77	0.02	0.05	0.06	0
0.08	19.25	0.06	0.31	0.09	0.01	0.03	0.05	0.91	0	0.74	0.074	18.42	0.14	0.007	9.41	0.05	0.05	0.09	0.03	0
0.05	4.71	0.07	2.3	0.06	0.05	0.04	1.05	1.26	0.03	0.003	0.079	9.04	1.88	0.004	1.8	0.03	0.01	0.03	0.09	0
0.16	18.57	0.5	3.15	0.06	5.4	0.13	0.06	1.01	0.68	0.68	0.198	12.93	1.39	0.007	22.14	1.02	0.03	0.26	0.06	0
0.02	18.98	0.04	0.42	0.03	0.02	0.06	0.87	0.69	0	0.55	0.153	6.01	0.09	0.007	2.71	2.42	0.01	0.03	0.08	0
0.06	0.47	0	1.15	0.03	0.03	0.07	1.88	1.34	0	0	0.116	3.27	1.92	0.009	6.12	0.51	0.08	0.06	0.06	0
0.04	28.79	0.03	0.67	0.02	0.06	0.08	0.9	0.28	0.19	0.001	0.059	10.44	0.05	0.006	0.87	0.9	0.06	0.06	0.08	0
0.09	22.83	0.02	0.76	0.01	0	0.03	0.04	1.33	0	0.55	0.116	12.05	0.34	0.009	1.75	0.35	0.03	0.06	0.03	0
0	23.38	0.03	2.73	0.09	0.01	0	1.35	1.07	0.7	0.7	0.101	1.16	0.61	0.008	1.05	3.75	0.09	0.06	0.03	0
0.15	19.01	0.26	2.48	0.09	2.33	0.69	0.87	0.69	0.55	0.55	0.153	6.56	1.58	0.007	27.96	4.15	0.01	0.38	0.08	0
4.58	26.21	0.04	0.56	0.008	6.69	0.51	0.26	0.82	0.74	0.74	0.197	17.26	1.23	0.003	25.62	1.51	0.1	0.16	0.07	0
3.44	12.48	0.03	2.45	0.003	4.79	0.13	0.24	1.23	0	0	0.196	9.6	1.65	0.008	40.67	5.94	0.03	0.1	0.07	0
0.03	0.87	0.09	0.96	0.05	0.04	0.03	1.92	1.2	0.32	0.003	0.082	19.35	2.18	0.008	4.48	0.36	0.02	0.07	0.08	0
0.03	5.76	0.01	3.94	0.003	1.7	0.47	1.15	0.25	0.04	0.003	0.135	2.4	1.75	0.01	46.85	0.94	0.09	0.45	0.02	0
0.01	14.82	0.02	1.64	0.09	0.1	0.02	0.06	0.54	0	0.001	0.124	17.62	0.95	0.002	4.26	6.46	0.03	0	0	0
0.43	28.46	0.01	2.88	0.007	6.62	0.17	0.75	1.29	0.18	0.001	0.134	12.33	1.12	0.005	41	3.39	0.08	0.4	0.05	0
0.07	29.08	0.06	0.21	0.01	0.34	0.07	0.08	1.3	0	0.73	0.086	4.79	0.31	0.001	1.13	3.78	0.07	0.01	0.03	0
0.08	19.03	0.02	0.18	0.08	0.06	0.02	1.72	0.91	0.38	0.008	0.019	4.5	0.05	0.008	0.33	0.34	0.03	0	0.04	0
0.1	21.67	0.04	0.76	0.02	0.05	0.01	0.04	0.81	0	0.87	0.15	2.74	0.85	0.004	4.31	6.35	0.02	0.01	0.05	0
3.26	23.54	0.75	1.25	0.02	3.36	0.28	1.5	0.63	0.74	0.74	0.152	8.54	1.93	0.005	44.73	5.94	0.07	0.22	0.02	0
0.02	22.24	0.03	0.44	0.09	0	0.1	1.85	1.24	0	0.75	0.124	2.86	0.7	0.008	0.2	1.89	0.08	0.06	0.06	0
0.11	14.94	0.01	1.8	0.002	1.67	0.2	1.08	0.52	0.74	0.74	0.067	4.52	1.52	0	17.72	4.91	0.04	0.45	0.02	0
0.02	27.73	0.02	0.56	0.02	0.29	0.05	1.14	0.83	0.36	0.004	0.065	6.45	1.19	0.005	4.38	0.93	0.01	0.04	0.09	0
0.08	12.94	0.1	2.62	0.03	0.07	0.04	1.29	0.13	0	0	0.169	10.09	2.36	0.006	3.49	5.37	0.08	0.07	0.01	0
0.02	26.69	0.08	0.11	0.08	0.05	0.05	0.84	0.33	0.89	0.89	0.048	12.51	1.67	0.006	4.86	0.96	0.06	0.06	0.08	0
4.38	22.68	0.01	0.73	0.009	1.36	0.67	1.26	0.59	0.75	0.75	0.011	3.76	1.28	0.01	17.71	1.03	0.02	0.02	0.06	1
0.09	4.63	0.09	0.62	0.05	0.02	0.04	0.08	0.89	0	0.55	0.164	8.49	0.58	0.001	8.76	0.85	0.08	0.04	0.09	0
3.29	1.91	0.16	2.3	0.11	0.42	0.24	1.52	0.76	0	0	0.155	8.28	2.03	0.002	37.26	3.04	0.1	0.2	0.08	0
0.02	23.34	0.09	0.34	0.09	0.12	0.09	0.64	0.43	0.46	0.002	0.059	16.51	0.94	0.006	1.88	0.55	0.03	0.02	0.06	0
0.1	18.74	0.09	1.25	0.04	0.04	0.09	0.36	0.64	0.69	0.69	0.005	1.16	1.56	0.001	1.38	0.97	0.07	0.08	0.05	0
0.08	15.42	0.05	1.38	0.001	6.02	0.33	0.22	0.01	0.76	0.76	0.052	14.91	1.06	0.009	21.87	4.74	0.01	0.26	0.05	0
0.08	22.67	0.07	1.97	0.06	0.16	0.05	1.95	1.38	0	0.003	0.191	18.81	0.44	0.009	0.29	0.53	0.05	0.08	0.02	0
0.09	19.21	0.01	0.14	0.05	0.03	0.03	1.24	0.79	0.7	0.7	0.113	17.44	1.04	0.009	0.16	4.26	0	0.02	0.08	0
0.07	1.03	0.04	2.57	0.05	0.2	0.09	0.08	0.79	0	0.73	0.059	4.83	0.98	0.006	3.62	3.31	0.06	0.06	0.05	0
0.05	24.34	0.07	0.27	0.04	0.06	0.01	1.27	1.25	0.75	0.75	0.076	7.49	1.32	0.008	4.92	0.83	0.01	0.02	0.08	0
4.55	14.38	0.04	2.3	0.001	1.23	0.77	0.36	0.37	0.45	0.001	0.033	9.55	1.38	0.005	0.74	4.99	0.05	0.33	0.06	1
2.12	23.58	0.001	0.57	0.003	4.3	0.82	1.57	0.43	0.04	0.003	0.089	14.77	1.97	0.005	0.91	5.11	0.03	0.2	0.03	1
2.82	10.11	0.03	0.3	0.001	4.08	0.03	0.9	1.24	0	0	0.061	0.37	1.16	0.007	43.79	0.56	0.06	0.21	0.03	1
2.22	29.68	0.03	2.86	0.006	4.54	0.72	0.14	1.42	1	1	0.082	11.3	1.46	0.006	33.09	4.96	0	0.16	0.05	0
0.1	1.95	0.64	3.13	0.06	2.15	0.79	0	0.91	0.7	0.7	0.041	14.17	1.68	0.005	36.25	6.38	0.02	0.34	0.07	0
0.04	14.79	0.04	3.08	0.007	6.06	0.68	1.3	0.5	0.1	0.008	0.036	2.08	1.69	0.008	54.32	0.86	0.01	0.19	0.02	0
2.42	2.15	0.03	1.99	0.001	6.2	0.03	1.33	1	0.18	0.005	0.152	16.52	1.48	0.006	43.4	3.36	0.07	0.27	0.06	0
2.83	3.04	0.75	0.23	0.11	6.31	0.47	1.75	1.28	0	0	0.177	17.38	1.26	0.003	23.45	4.91	0.01	0.17	0.08	0
0.01	2.47	0.05	0.18	0.04	0.23	0.06	0.75	0.44	0.68	0.68	0.157	16.33	1.2	0.002	2.35	1.75	0.04	0.02	0.04	0
4.82	3.72	0.74	0.6	0.09	0.9	0.1	1.6	0.83	0	0.68	0.153	5.72	1.91	0.009	25.79	7.22	0.05	0.49	0.05	0
0.08	25.65	0.02	1.49	0	0.48	0.02	1.58	0.15	0	0.72	0.013	9.18	0.52	0.008	0.17	1.38	0.06	0.08	0.09	0
1.79	3.24	0.73	0.95	0.12	8.06	0.51	0.1	0.46	0.22	0.001	0.165	6.52	2.3	0.002	45.11	0	0.05	0.04	0.06	0
0.07	14	0.01	0.49	0.05	0.3	0.08	0.07	0.52	0	0.007	0.146	7.72	0.27	0.003	4.12	1.05	0.07	0.01	0.01	1
0.07	4.48	0.02	1.65	0.004	4.15	0.48	0.11	1.46	0.75	0.75	0.005	7.38	1.03	0.002	55.52	7.11	0.07	0.46	0.07	0
0.02	5.31	0.09	0.78	0.06	0.27	0.02	1.97	0.85	0.56	0.56	0.096	19.18	1.77	0.003	1.7	1.3	0.02	0	0.03	0
1.2	21.4	0.05	0.81	0.003	6.49	0.82	1.97	0.85	0.56	0.56	0.096	18.43	1.53	0.003	47.74	6.2	0.02	0.21	0.03	0
0.06	22.94	0.03	0.06	0.07	0.21	0.05	1.33	0.18	0	0.81	0.041	16.69	1.81	0.01	0.08	0.13	0	0.04	0.07	0
0.06	25.59	0.02	3.03	0.001	1.53	0.86	0.66	1	0.67	0.67	0.182	11.69	1.15	0.004	3.24	1.27	0.07	0.4	0	0
0.03	6.46	0.05	0.75	0.01	0	0.05	0.28	0.82	0.54	0.54	0.197	1.4	1.95	0.007	5.28	2.53	0.05	0.09	0.05	0
0.04	14.94	0.06	1.41	0.02	0.08	0.09	0.63	1.03	0	0.004	0.031	10.24	0.22	0.003	7.6	2.11	0.05	0.06	0.08	0
0.01	9.43	0.03	1.83	0.05	0	0.09	1.03	0.27	0.19	0.003	0.163	6	1.62	0.003	1.14	4.15	0.02	0.03	0.01	0
0.04	28.78	0.01	0.4	0.02	0.38	0.02	0.26	0.16	0.91	0.91	0.176	6.38	1.2	0.009	5.41	2.07	0.05	0.09	0.09	0
0.03	11.53	0.05	1.28	0.02	0.18	0.08	0.04	0.62	0	0.72	0.076	15.59	0	0.004	0.74	0.6	0.06	0.01	0.02	0
0.05	16.94	0.05	0.77	0.08	0.7	0.01	0.09	1.44	0	0.003	0.092	7.26	0.89	0.009	7.39	0.08	0.02	0.08	0.07	1
3.52	6.02	0.43	1.17	0.04	0.81	0.04	1.64	0.78	0.8	0.8	0.092	1.05	1.22	0.01	56.13	3	0	0.23	0.03	0
0	0.42	0.06	1.29	0.01	0.57	0.07	0.22	0.79	0.59	0.59	0.119	14.86	1.41	0.001	5.23	0.04	0.08	0.05	0.05	0
0.04	7.79	0	0.22	0.04	0.39	0.03	1.94	0.78	0	0.89	0.101	12.61	0.14	0.008	10.96	6.31	0.02	0.04	0.04	0
0	3.65	0.07	0.39	0.09	0.42	0.05	0.22	0.01	0.76	0.76	0.052	15.85	1.27	0.009	0.6	2	0.01	0.06	0.05	0
0	1.42	0.02	0.22	0.05	0.04	0.03	0.04	0.53	0	0.002	0.11	13.73	0.72	0.009	8.24	0.14	0.04	0.07	0	0
0	26.07	0.02	0.72	0.08	0.07	0.09	0.62	1.1	0.12	0.001	0.036	17.78	1.62	0.001	0.59	2.54	0.02	0.03	0	0
0.14	13.95	0.44	3.13	0.03	3.16	0.52	0.01	0.62	0.02	0.004	0.09	13.99	1.94	0.008	11.56	3.78	0.07	0.07	0.06	0
0.08	18.05	0.7	1.83	0.01	3.79	0.31	0.05	0.52	0.51	0.51	0.125	10.07	1.59	0.002	42.23	2.38	0.04	0.31	0.01	0
0.08	8.43	0.07	1.79	0	0.02	0.07	0.1	0.01	0.92	0.92	0.101	15.69	0.36	0.007	0.51	0.57	0.01	0.04	0.04	0
0.09	4.84	0.02	0.87	0.04	0.04	0.09	0.05	0.03	0.24	0.002	0.011	7.21	1.48	0.001	0.56	0.59	0.04	0.05	0.07	0
0	22.07	0.01	0.66	0.05	0.01	0.06	1.92	1.36	0.94	0.94	0.128	7.67	1.54	0.008	5.47	0.13	0.07	0.05	0.03	0
0.05	24.22	0.02	0.59	0.01	0.45	0.02	0.02	1.48	0	0	0.031	10.27	1	0.001	1.48	1.11	0.09	0.1	0.08	1
0.03	0.42	0.01	0.04	0.01	0.1	0.04	0.34	1.4	0.56	0.56	0.013	4.28	1.96	0.009	2.13	4.07	0.05	0.01	0.03	0
0.1	1.12	0.03	0.87	0.01	0.02	0	0.4	1.41	0.82	0.82	0.023	8.8	1.78	0	6.35	2.25	0.09	0.04	0.02	0
0.04	25.46	0.01	2.03	0.001	1.03	0.56	1.42	1.03	0.01	0.008	0.014	10.99	1.47	0.006	6.02	1.38	0.06	0.19	0.06	0
1.51	23.19	0.03	3.74	0.007	7.57	0.15	0.96	1.41	0.99	0.99	0.13	11.43	1.33	0.001	37.78	4.74	0.01	0.03	0.03	0
4.62	18.07	0.31	2.62	0.05	8.07	0.36	1.85	0.44	0.18	0	0.047	14.29	1.58	0.002	20.5	3.95	0.05	0.46	0	0
2.27	2.65	0.04	1.87	0.004	6.28	0.57	0.28	1.25	0	0	0.048	0.39	1.88	0.008	51.03	1	0.08	0.28	0.03	1
2.32	2.1	0.05	2.69	0.009	3.47	0.4	1.71	1.4	0.95	0.95	0.025	9.35	1.76	0.007	13.09	6.07	0.04	0.19	0.08	1
0.05	14.35	0.06	0.83	0.04	0.01	0.02	1.98	0.09	1	1	0.1	15.3	0.55	0.006	0.86	1.46	0.09	0	0.08	0
0.08	26.98	0.06	2	0.02	0.2	0.04	1.92	1.44	0.13	0.002	0.154	2.66	0.28	0.007	1.99	2.44	0.01	0.08	0.05	0
4.4	12.18	0.04	0.98	0.006	3.53	0.13	1.17	0.82	0	0	0.177	14.8	1.03	0.001	2.35	6.52	0.07	0.42	0.07	1
0.29	7.98	0.05	1.06	0.001	4.4	0.71	1.65	1.23	0.02	0.006	0.048	10.42	1.58	0.002	50.17	1.76	0.1	0.44	0.01	0
2.78	26.23	0.001	2.78	0.008	2.97	0.32	1.87	1.16	0.43	0.009	0.121	12.65	1.63	0.005	55.65	6.05	0.07	0.36	0.08	0
0.04	2.33	0.07	1.64	0	0.24	0.05	0.88	1.45	0.58	0.58	0.067	12.79	1.17	0.007	4.52	0.27	0.04	0.04	0.01	0
1.2	0.69	0.001	2.03	0.006	3.29	0.5	1.3	1.06	0.55	0.55	0.1	3.34	1.58	0.007	26.68	6.06	0.02	0.48	0.04	1
1.63	15.75	0.03	2.54	0.008	4.25	0.74	1.35	1.24	0.12	0.006	0.193	17.29	1.27	0.001	58.15	1.71	0.09	0.44	0.05	0
0	18.33	0.07	0.94	0.04	0.05	0.06	1.72	1.07	0.96	0.96	0.119	11.04	1.98	0.005	0.49	0.87	0.02	0.04	0.02	0
0.09	29.1	0.94	1.63	0.07	2.56	0.45	0.04	1.14	0.68	0.68	0.001	9.1	1.45	0.008	20.96	3.8	0.04	0.11	0.02	0
0.02	2.83	0.07	2.33	0.02	0.17	0	1.18	1.41	0.63	0.63	0.128	9.63	0.09	0.01	0.16	0.1	0.02	0.1	0.06	0
0.19	10.27	0.73	2.47	0.07	6.97	0.8	1.07	1.35	0.39	0.003	0.113	14.31	1.27	0.003	13.51	5.82	0.06	0.36	0.04	0
0.02	7.12	0.04	0.39	0.08	0.01	0.08	0.06	0.95	0	0	0.072	3.63	1.97	0.002	5.31	4.53	0.02	0.07	0.02	0
0.04	15.88	0.09	1.9	0.1	0.29	0.05	1.67	1.21	0.65	0.65	0.042	10.34	1.51	0.005	7.3	0.5	0.06	0.05	0.05	0
0.07	3.43	0.04	2.55	0.08	0.25	0.02	0.95	1.46	0	0	0.181	10.32	1.63	0.006	0.93	3.63	0.06	0	0.02	0
0.06	18.96	0.01	0.36	0.07	0.07	0.02	0.95	0.75	0	0	0.197	11.95	1.85	0.006	0.42	1.22	0.08	0.04	0.01	0
0.05	8.27	0.68	2.25	0.03	0.65	0.69	0.07	0.8	0.1	0.003	0.001	19.01	1.47	0.008	24.83	4.25	0.05	0.22	0.01	0
4.01	21.89	0.8	2.34	0.12	7.76	0.3	0.43	0.9	0	0.79	0.199	2.11	1.84	0.001	47.81	7.79	0.09	0.1	0.03	0
0.05	23.02	0.03	2.24	0.004	0.46	0.02	1.77	0.62	0.14	0.006	0.137	14.86	1.19	0.004	27.85	7.6	0.01	0.45	0.05	0
0.02	13.04	0.02	0.07	0.02	0.07	0.04	0.02	0.99	0.05	0.003	0.078	14.16	0.83	0.006	0.23	4.94	0.07	0.07	0.01	0
0.02	9.52	0.56	3.23	0.03	6.11	0.83	0.02	0.64	0.47	0.007	0.001	18.46	1.94	0.006	45.91	2.84	0.04	0.41	0.06	0
3.04	3.66	0.14	2.99	0.04	0.57	0.4	0.69	0.14	0.44	0.008	0.155	6.71	1.36	0.01	25.91	1.05	0.02	0.43	0.02	0
0	2.09	0.09	2.72	0.08	0.19	0.03	0.86	1.31	0	0	0.046	4.59	1.51	0.008	0.25	4.45	0.02	0.04	0	0
0.07	17.35	0.06	0.25	0.06	0.03	0.09	0.06	1.03	0.44	0.007	0.142	1.74	1.81	0.002	2.56	0.29	0.09	0.08	0.02	0
0.06	23.64	0.25	3.56	0.12	6.16	0.87	1.41	0.37	0.79	0.79	0.085	5.83	1.67	0.007	27.43	1.89	0.06	0.13	0.08	0
0.02	13.45	0.02	0.46	0.02	0.13	0.08	0.06	1.25	0	0.7	0.129	15.72	0.64	0.003	1.41	1.16	0.03	0.09	0.07	0
4.36	29.5	0.03	3.78	0.003	1.45	0.88	1.19	0.38	0	0	0.064	7.23	1	0.005	14.95	3.72	0.07	0.42	0.06	1
0.35	0.34	0.52	3.04	0.11	6.18	0.35	1.79	0.89	0	0	0.136	15.17	1.91	0.006	28.57	4.12	0.09	0.42	0.01	0
2.59	16.35	0.51	0.75	0.01	6.51	0.63	0.66	0.04	0.82	0.82	0.097	3.91	1.43	0.01	25.44	6.58	0.04	0.06	0.04	0
0.05	1.18	0.02	1.72	0.04	0.1	0.08	0.08	0.91	0	0.7	0.041	13.57	0.33	0.005	5	0.15	0.02	0	0.07	0
0.03	2.56	0.03	0.09	0.08	0.16	0.06	1.49	0.65	1	1	0.092	6.42	1.52	0.002	4.98	0.4	0.04	0.01	0.04	0
0.02	2.14	0.1	0.27	0	0.41	0.07	0.4	0.79	0	0	0.122	7.76	1.86	0.009	1.65	0.28	0.07	0.06	0.01	0
0.05	6.9	0.07	0.17	0.08	0.02	0.03	0.03	0.94	0	0.008	0.042	2.06	0.95	0.008	0.32	0.61	0.05	0.08	0.02	0
0.01	9.15	0.08	1.02	0.02	0.1	0.09	0.34	1.4	0.56	0.56	0.013	3.36	1.31	0.009	8.79	1.74	0.05	0.08	0.03	0
0.05	22.81	0.77	1.4	0.07	4.35	0.37	1.76	0.69	0.22	0.002	0.054	11.5	1.2	0.007	4.44	6.7	0.09	0.37	0.04	0
0.02	4.14	0.83	2.56	0.01	0.84	0.24	0.09	0.83	0.6	0.6	0.001	8.17	1.41	0	3.62	6.87	0.06	0.3	0	0
0.1	9.9	0.07	0.63	0.03	0.27	0.03	1.77	0.43	0.8	0.8	0.114	12.69	0.6	0.008	4.81	0.1	0.02	0.07	0.06	0
0.04	20.08	0.89	4.14	0.02	2.15	0.13	0	1.34	0.76	0.76	0.001	7.2	1.27	0.002	20.87	2.6	0	0.37	0.03	0
4.62	17.24	0.41	2.85	0.09	5.45	0.39	0.87	0.3	0.76	0.76	0.022	7.26	2.05	0.009	11.62	6.31	0.09	0.35	0.06	0
0.01	16.36	0.03	0.64	0.06	0.1	0.02	0.82	1.24	0.83	0.83	0.109	4.87	1.53	0.01	0.97	0.55	0.03	0.04	0.01	0
0.1	15.34	0.01	2.39	0.008	1.65	0.25	1.12	1.15	0.69	0.69	0.121	2.47	1.38	0.003	15.13	7.55	0.1	0.01	0.03	0
0.03	0.36	0.09	0.18	0.01	0.09	0.06	0.22	1.09	0.57	0.57	0.101	10.93	1.06	0.001	8.17	0.37	0.04	0.03	0.01	0
0	27.41	0.03	0.66	0.09	0.05	0.01	0.01	0.43	0.27	0.007	0.033	5.85	1.28	0.001	7.29	4.05	0.01	0.07	0.05	0
0.14	28.73	0.89	0.33	0.11	0.11	0.31	0.06	1.4	0.41	0.008	0.001	6.14	2.17	0.003	45.7	3.52	0.02	0.27	0.08	0
0.07	24.72	0	0.12	0.01	0.04	0.09	0.07	1	0	0.67	0.182	11.69	0.2	0.004	0.13	0.39	0.07	0.09	0	0
0.03	1.37	0.08	0.91	0.02	0.04	0.02	0.08	1.5	0	0	0.107	4.36	1.54	0	1.28	0.21	0.07	0.06	0	0
3.95	9.69	0.25	1.73	0.05	0.94	0.34	0.01	0.01	0	0	0.148	10.84	2	0.007	37.84	1.23	0.06	0.01	0.02	1
0	8.16	0.04	0.82	0.04	0.01	0.07	1.68	0.48	0.62	0.62	0.147	18.27	1.59	0.004	2.42	0.06	0.1	0.05	0.02	0
0.09	15.06	0.06	0.26	0.1	0.07	0.08	0.28	1.16	0.85	0.85	0.005	10.61	1.2	0.005	4.93	0.38	0.09	0.04	0.08	0
4.87	25.65	0.02	3.52	0.001	0.39	0.48	1.39	0.7	0.94	0.94	0.116	13.42	1.03	0.006	36.12	6.88	0.05	0.07	0.07	0
4.71	2.47	0.72	3.79	0.08	7.38	0.32	0.13	0.3	0	0.003	0.05	16.68	2.07	0.005	58.67	1.94	0.01	0.41	0	0
0.08	16.31	0.08	0.93	0	0.04	0.03	1.43	1.39	0.11	0	0.118	5.46	1.76	0.001	0.4	0.9	0.04	0.02	0.07	0
4.24	8.71	0.16	3.05	0.09	3	0.76	1.89	0.95	0	0.003	0.178	16.22	1.89	0.004	41.37	0.91	0.02	0.11	0.06	0
0.01	7.51	0.07	0.37	0.02	0.14	0.07	0.67	0.63	0.48	0.003	0.007	9.35	1.32	0.002	2.51	0.54	0.09	0.03	0.07	0
0.03	24.41	0.01	0.44	0.09	0.02	0.02	1.92	1.42	0.67	0.67	0.194	0.62	1.34	0.004	1.08	0.21	0.01	0.05	0.09	0
0.08	9.03	0.08	0.4	0	0.05	0.06	0.58	1.32	0.59	0.59	0.118	9.2	1.43	0.005	0.09	3.74	0.04	0.09	0.06	0
0.08	9.74	0.01	0.22	0.001	4.5	0.66	0.01	0.56	0.43	0.002	0.185	15.38	1.24	0.003	43.87	3.36	0.05	0.04	0.08	0
0.01	21.48	0.06	0.3	0.06	0.1	0.08	0.1	1.11	0	0.93	0.097	9.22	0.81	0.002	10.07	0.54	0.02	0.08	0.05	0
0.29	23.3	0.04	0.03	0.007	0.71	0.28	1.23	0.66	0.93	0.93	0.155	16.93	1.41	0.002	52.49	7.2	0.07	0.14	0.04	0
2.24	5.52	0.03	0.8	0.003	4.16	0.54	0.04	0.6	0.39	0.009	0.016	2.5	1.4	0.002	18.77	7.42	0.05	0.1	0.08	1
0.26	18.41	0.05	2.36	0.004	1.36	0.68	1.45	1.4	0.28	0.003	0.102	8.47	1.48	0.002	19.33	1.31	0.01	0.18	0.04	0
0.06	3.4	0.07	0.34	0.08	0.07	0.02	1.48	0.95	0.91	0.91	0.073	18.24	2.11	0.006	5.34	0.2	0.04	0.07	0	0
0.07	0.03	1.02	2.34	0.05	2.96	0.01	0.93	1.44	0.53	0.53	0.199	13.53	1.27	0.01	26.58	2.74	0.03	0.24	0.05	0
0.06	22.68	0.06	0.25	0.06	0.54	0.03	1.52	0.67	0.68	0.68	0.105	5	1.36	0.003	0.82	2.43	0.04	0.09	0.01	0
0.07	1.17	0.04	1	0.01	0.29	0.01	0.02	0.05	0	0.52	0.19	9.75	0.17	0.003	1.16	1.44	0.05	0.06	0.06	0
0.1	22.33	0.72	1.85	0.12	6.54	0.86	1.72	0.81	0.87	0.87	0.15	2.96	1.82	0.004	40.68	7.27	0.02	0.24	0.05	0
0.02	0.53	0.06	1.27	0.02	0.06	0.05	1.37	0.62	0	0.92	0.112	8.48	0.26	0.007	0.47	1.44	0.05	0.1	0.05	0
0.23	21.02	0.7	1.3	0.11	2.11	0.25	0.83	1.09	0.34	0.005	0.084	6.18	1.68	0.001	22.15	4.6	0.06	0.04	0.01	1
2.13	29.19	0.05	1.47	0.005	0.5	0.52	1.92	0.72	0	0	0.009	9.68	1.51	0.002	21.38	5.1	0.05	0.28	0.09	1
0.05	8.58	0.07	0.15	0.05	0.35	0.04	0.02	1.05	0.56	0.56	0.174	13.07	1.79	0.006	1.55	0.57	0.06	0.04	0.07	0
0.09	17.45	0.04	0.67	0.03	0.17	0.07	1.4	0.5	0	0.005	0.044	3.65	0.17	0.001	10.49	1.04	0.04	0.04	0.03	0
2.63	26.73	0.04	0.27	0.007	0.78	0.9	1.86	0.26	0.55	0.55	0.013	1.74	1.24	0.008	11.52	1.34	0.03	0.19	0.05	1
0.01	24.67	0.02	0.32	0.01	0.16	0.03	1.1	0.22	0.21	0.005	0.192	18.58	0.16	0.009	0.11	0.95	0.06	0.09	0.05	0
4.62	24.92	0.001	0.6	0.002	3.31	0.4	0.13	1.42	0.48	0.006	0.182	10.66	1.41	0.005	10	4.73	0	0.26	0.05	1
3.07	8.07	0.05	4.14	0.12	3.76	0.29	1.28	0.32	0	0	0.175	1.72	1.23	0.007	46.55	6.53	0.01	0.32	0.02	0
0.02	4.3	0.05	3.06	0.001	5.92	0.47	1.53	1.25	0.6	0.6	0.164	11.15	1.98	0.002	6.22	6.79	0.06	0.12	0.04	0
0.04	0.77	0.02	0.72	0.04	0.27	0.09	1.83	0.77	0.67	0.67	0.089	11.98	1.17	0.001	0.74	3.47	0.1	0.04	0.07	0
3.44	15.84	0.94	2.89	0.09	2.57	0.51	0.63	1.03	0	0.004	0.031	9.93	1.79	0.003	42.66	5.86	0.05	0.07	0.08	0
0.08	25.52	0.01	0.46	0.001	1.57	0.12	0.23	0.31	0.43	0	0.102	1.23	1.5	0.001	49.24	5.01	0.02	0.2	0.03	0
0.03	8.11	0.04	0.19	0.04	0.14	0.03	0.03	1.47	0	0.97	0.166	12.39	0.88	0.005	5.4	1.47	0.05	0.04	0.01	0
0.24	10.47	0.01	3.83	0.008	2.84	0.06	1.72	1.06	0.63	0.63	0.171	1.96	1.47	0.005	22.15	1.5	0.02	0.07	0.02	1
0.1	4.95	0.01	0.25	0.04	0.09	0.1	1.88	0.33	0	0.007	0.021	18.78	0.62	0.007	5.97	0.32	0.1	0.1	0.08	0
2.92	12.49	0.02	2.73	0.004	2.17	0.21	1.97	1.36	0.37	0.001	0.06	14.49	1.27	0.004	56.76	0.87	0.03	0.27	0.05	0
0.04	23.69	0.1	1.19	0.06	0.15	0.05	1.76	0.74	0.32	0.002	0.048	11.35	1.96	0.004	0.43	0.12	0.07	0.05	0.01	0
0.02	0.72	0	1.58	0.06	0.44	0	1.4	0.44	0.07	0.007	0.15	10.9	0.96	0.005	2.68	3.43	0.02	0.03	0.08	0
4.55	17.78	0.08	2.93	0.1	2.94	0.82	1.54	0.05	0.45	0.009	0.111	15.1	1.25	0.006	56.17	4.35	0.05	0.38	0.03	0
0.04	17.57	0.02	0.99	0.04	0.03	0	0	1.39	0	0.002	0.108	4.13	0.57	0.002	5.91	0.16	0.01	0.04	0.04	0
0.03	28.02	0.04	0.9	0.01	0.17	0.01	0.05	0.82	0	0.008	0.088	15.94	0.85	0	2.76	0.31	0.05	0.01	0.02	0
0.01	28.3	0.07	1.52	0.1	0.1	0.02	0.04	0.59	0	0.85	0.025	0.86	0.21	0.001	8.13	6.36	0.03	0	0.08	0
0.06	5.81	0.06	1.88	0.02	0.01	0	1.05	0.8	0	0	0.197	19.66	1.18	0.008	4.98	0.94	0.05	0.09	0.01	0
0.06	14.47	0.07	0.51	0.07	0.57	0.03	0.75	0.34	0	0	0.104	17.03	2.27	0.009	0.47	0.02	0.06	0	0.08	0
0.01	3.81	0.01	0.4	0.08	0.27	0.07	1.93	0.45	0	0	0.124	4.04	1.87	0.007	8.42	3.32	0.05	0.03	0.02	0
0.04	7.9	0.06	0.97	0.07	0.56	0.07	0.65	0.9	0.58	0.58	0.093	10.16	1.21	0.003	1.2	0.75	0.05	0.08	0.05	0
0.06	15.37	0.06	0.47	0.03	0.18	0.1	1.98	0.99	0.41	0	0.099	10.39	1.82	0.001	1.4	0.07	0.06	0.07	0.08	0
4.67	24.82	0.04	1.45	0.12	3.81	0.4	0.13	1.42	0	0.006	0.182	10.69	1.43	0.005	5.94	4.73	0	0.26	0.05	0
0.04	4.16	0.02	0.34	0.08	0.09	0.06	0.41	1.22	0	0.006	0.101	17.46	0.04	0.001	2.5	0.14	0.07	0.05	0.05	0
0.08	23.05	0.24	4.46	0.11	4.91	0.35	0.72	0.09	0.11	0.003	0.166	17	1.47	0.009	40.09	4.61	0.01	0.05	0.09	0
0.01	24.42	0.04	0.24	0.05	0.41	0.08	0.08	0.52	0	0.62	0.022	12.63	0.71	0.003	0.1	0.25	0.04	0.05	0.01	0
1.25	19.22	0.03	1.09	0.008	6.56	0.84	1.72	0.91	0	0	0.019	4.07	1.35	0.008	26.65	6.98	0.03	0.18	0.04	1
4.92	26.16	0.3	1.06	0.08	2.45	0.08	1.81	0.92	0.7	0.7	0.018	0.41	2.14	0.008	34.6	4.98	0.03	0.3	0.01	0
0.01	0.47	0.08	1.6	0	0.09	0.09	1.79	1.31	0.78	0.78	0.065	15.83	0.67	0.003	0.19	1.29	0.05	0.05	0.09	0
0.04	4.98	0.05	0.64	0.07	0.11	0.05	1.51	0.89	0.55	0.55	0.164	8.49	1.49	0.001	7.1	0.88	0.08	0.01	0.09	0
0.04	24.82	0.57	1.56	0.08	3.86	0.4	0.13	1.42	0.48	0.006	0.182	11.02	2.14	0.005	6.05	4.73	0	0.26	0.05	0
0.02	9.9	0.04	1.4	0.003	3.45	0.69	0.32	0.66	0.3	0.006	0.123	1.73	1.61	0.002	35.17	0.66	0.04	0.05	0.03	1
0.07	13.55	0.07	0.33	0.08	0.12	0.02	0.07	0.15	0	0.91	0.01	14.1	0.56	0.006	3.58	1.48	0.04	0.05	0	0
0.04	28.4	0.01	0.72	0.05	0.18	0.07	1.12	0.53	0.14	0.008	0.159	14.58	0.03	0.006	1.85	0.89	0.02	0.06	0.03	0
0.1	6.79	0.1	2.34	0.08	0.04	0.01	0.66	1	0.67	0.67	0.182	11.69	1.25	0.004	6.66	0.58	0.07	0.07	0	0
0.04	4.73	0.1	1.28	0.03	0.1	0.01	1.97	1.36	0.37	0.001	0.06	14.51	1.5	0.004	5.06	0.79	0.03	0.09	0.05	0
0.06	8.4	0.001	2.3	0.004	4.79	0.2	0.37	0.36	0.41	0.002	0.06	0.01	1.22	0.003	29.45	0.6	0.04	0.31	0.06	0
0.06	15.61	0.01	1.54	0.03	0.08	0.08	0.04	0.86	0	0.64	0.032	10.07	0.41	0.006	1.67	4.72	0.03	0.1	0.06	0
0.16	1.74	0.24	0.59	0.03	4.66	0.38	0.07	0.78	0.22	0.005	0.053	0.52	1.68	0.006	47.2	3.56	0.01	0.33	0.05	0
0.08	14.71	0.1	4.03	0.1	8.52	0.25	0.65	0.73	0.53	0.53	0.132	4.45	1.27	0.007	46.04	2.2	0.05	0.05	0.05	0
0.02	10.89	0.03	0.11	0.02	0.02	0.08	1.89	1.38	0.89	0.89	0.033	14.1	1.73	0.009	10.08	4.26	0	0.07	0.02	0
0.08	8.06	0	0.19	0.06	0.02	0.07	1.05	0.8	0.1	0.003	0.197	19.55	0.33	0.008	2.8	0.82	0.05	0.01	0.01	0
0.07	15.98	0.06	3	0.07	0.49	0.06	0.58	1.07	0.52	0.52	0.103	15.72	1.89	0.005	2.53	4.76	0.01	0.03	0	0
0.03	9.64	0.9	4.2	0.06	6.76	0.16	0.03	1.17	0.43	0.007	0.091	14.13	1.37	0.009	58.31	0.54	0.03	0.39	0.04	0
0.02	1.94	0.08	0.05	0.05	0.05	0.02	0.05	1.42	0	0	0.107	14.97	2.06	0.002	0.89	3.91	0.08	0.03	0.04	0
0	28.49	0.05	0.6	0.05	0.04	0.08	0.26	0.16	0	0.91	0.176	6.88	0	0.009	5.15	0.81	0.05	0.08	0.09	0
0.09	21.16	0.02	0.13	0.09	0.06	0.06	1.49	0.65	0	0.63	0.16	13.24	0.85	0.003	6.32	1.64	0.02	0.06	0.01	0
0.97	9.24	0.17	2.19	0.01	7.78	0.19	1.22	1.06	0	0	0.103	4.13	1.51	0.007	21.32	4.35	0.01	0.41	0.07	0
4.39	5.04	0.01	3.41	0.008	4.39	0.19	0.67	0.75	0	0	0.034	4.54	1.58	0.008	7.82	1.84	0.07	0.14	0.07	1
0.09	20.71	0.84	3.05	0.07	8.12	0.82	0.44	1.2	0.77	0.77	0.112	10.31	1.36	0.001	38.62	1.53	0.01	0.27	0.06	0
0.06	0.83	0.05	0.92	0	0.1	0.06	0.1	1.31	0.64	0	0.093	13.63	1.19	0.004	9.18	2.83	0.07	0.07	0.03	0
0.02	1.71	0.08	0.12	0.06	0.55	0.1	0.03	1.18	0	0.007	0.112	15.84	0.94	0.003	0.34	1.55	0.05	0.1	0.05	0
1.19	18.54	0.62	1.91	0.01	2.01	0.76	1.72	1.07	0	0.96	0.119	11.78	2.08	0.005	17.78	2.18	0.02	0.15	0.02	0
0.07	1.97	0.27	3.36	0.02	3.28	0.25	0.39	0.76	0.15	0.004	0.082	15.64	2.56	0.01	3.73	2.82	0.02	0.45	0.01	0
0.06	7.21	0.01	1.86	0.01	0.06	0.07	1.22	0.33	0.23	0.001	0.151	1.67	1.8	0	4.93	1.21	0.1	0.03	0.02	0
0.04	4.61	0.09	0.65	0.05	0.17	0.01	0.01	0.15	0	0.004	0.154	12.44	0.81	0.006	3.59	0.81	0.06	0.04	0.01	0
0.06	22.96	0.08	0.85	0.02	0.02	0.08	0.8	0.63	0	0.007	0.112	10.14	0.81	0.001	1.12	0.34	0.03	0.07	0.05	0
0.1	13.49	0.34	1.14	0.1	4.66	0.23	1.69	1.47	0.05	0.008	0.123	6.15	1.2	0.009	40.78	6.13	0.03	0.48	0.05	0
0.03	6.55	0.02	0.32	0.07	0.01	0.01	0.67	0.63	0.48	0.003	0.007	9.5	1.48	0.002	2.78	3.61	0.09	0.08	0.07	0
3.18	29.44	0.01	3.33	0.008	0.4	0.16	0.15	0.98	0	0	0.187	8.96	1.42	0.004	15.45	1.7	0.02	0.08	0.05	1
0.09	17.56	0.52	1.03	0.08	8.2	0.03	0.57	1.44	0.44	0.003	0.092	7.46	1.57	0.009	46.22	2.68	0.02	0.3	0.07	0
0.04	0.86	0.02	0.21	0.05	0.1	0.07	0.01	0.74	0	0.005	0.008	1.59	0.65	0.001	2.65	2.02	0	0.09	0.04	0
0.09	27.01	0.08	0.64	0.09	0.05	0.01	0.69	1.39	0.89	0.89	0.005	8.17	1.46	0.005	0.42	0.37	0.08	0.09	0	0
0.09	2.54	0.03	1.07	0	0.2	0.06	0.6	1.29	0.04	0.008	0.145	9.4	0.83	0.006	2.06	5.49	0.05	0.05	0.06	0
0.02	11.83	0.01	1.7	0.01	0.65	0.06	1.78	0.01	0	0.75	0.153	4.9	0.94	0.004	10.05	1.38	0.01	0.03	0.07	0
0.05	15.2	0.05	1.28	0.02	0.07	0.03	1.12	1.15	0.69	0.69	0.121	2.47	1.38	0.003	2.69	5.66	0.1	0.07	0.03	0
4.98	7.48	0.04	3.91	0.003	1.1	0.81	1.52	0.94	0	0	0.042	2.06	1.43	0.008	13.7	1.71	0.05	0.49	0.02	1
0.13	12.36	0.66	2.82	0.01	3.88	0.87	0.01	0.4	0.27	0	0.001	13.47	2.2	0.008	30.81	7.87	0.04	0.39	0.09	0
0.05	28.72	0.02	0.23	0.07	0.13	0.03	1.25	1.34	0.79	0.79	0.037	6.42	1.13	0.01	12.89	0.05	0.05	0.03	0.08	0
0.04	9.85	0	0.68	0.01	0.06	0.09	0.19	1.18	0.71	0.71	0.162	7.4	0.01	0.001	2.26	0.03	0.07	0.07	0.03	0
0.01	14.68	0.07	0.29	0.06	0.14	0.02	1.47	0.15	0.37	0.002	0.085	18.95	1.92	0.001	1.02	0.16	0.05	0.08	0.07	0
0.04	4.74	0.02	3.51	0.003	0.19	0.65	1.47	0.21	0.33	0.005	0.106	2.73	1.22	0.001	31.36	0.06	0.06	0.04	0.05	0
0.1	15.37	0.09	1.41	0	0.02	0.01	0.67	0.08	0.61	0.61	0.123	3.28	1.72	0	0.5	0.09	0.03	0.04	0.01	0
0.08	28.71	0.01	2.08	0.01	0.12	0.07	0.06	1.18	0	0.81	0.075	0.44	0.97	0.005	2.13	1.51	0.08	0.09	0.01	0
0.06	0.38	0.07	2.3	0.05	0.42	0	1.79	0.89	0	0.67	0.136	14.65	0.88	0.006	1.29	0.36	0.09	0.1	0.01	0
0.09	28.24	0.01	0.78	0.001	7.91	0.32	0.21	1.04	1	1	0.105	4.38	1.6	0.009	4.59	1.04	0.06	0.04	0.03	1
0.84	22.29	0.84	2.1	0.09	3.43	0.19	1.54	0.47	0.67	0.67	0.042	1.2	1.86	0.008	10.72	2.28	0.1	0.35	0.08	0
0.04	8.53	0.06	0.71	0.02	0.05	0.07	1.32	1.23	0.56	0.56	0.049	19.53	1.78	0.007	2.14	0.27	0.06	0.08	0	0
0.09	10.35	0.05	1.14	0.04	0.09	0.03	1.04	1.39	0.07	0.006	0.176	4.36	0.82	0.008	1.75	2.88	0.03	0.08	0.05	0
3.46	13.95	0.42	3.11	0.01	3.22	0.52	1.67	0.62	0.02	0.004	0.09	14.02	1.99	0.008	11.54	3.78	0.07	0.07	0.06	0
0.01	28.4	0.02	2	0.009	3.03	0.1	0.83	0.59	0.85	0.85	0.025	0.86	1.56	0.001	41.5	7.88	0.03	0.28	0.08	0
1.32	9.96	0.67	1.54	0.08	6.78	0.19	0.39	1.35	1	1	0.158	1.37	1.37	0.009	21.36	4.71	0.01	0.22	0.07	0
0.07	26.4	0.05	3.28	0.007	1.54	0.82	1.42	1.29	0.28	0.002	0.01	2	1.44	0.004	6.92	2.54	0.08	0.44	0.07	0
0.05	13.96	0.08	0.53	0.07	0.08	0.04	0.09	0.47	0	0.74	0.175	12.61	0.22	0.005	0.66	2.32	0.07	0.06	0.07	0
1.08	1.23	0.04	3.9	0.006	2.29	0.88	0.49	1.15	0.7	0.7	0.081	9.24	1.67	0.004	40.75	6.72	0.07	0.42	0.07	1
0.09	26.12	0.08	0.03	0.01	0.59	0.06	1.57	1.17	0.62	0.62	0.09	18.01	1	0.002	4.69	2.76	0.08	0.09	0.02	0
0.01	24.83	0.08	0.47	0.06	0.01	0.01	1.07	1.04	0.76	0.76	0.043	2.65	1.87	0.002	0.46	0.04	0.08	0.09	0	0
0.1	26.94	0.02	0.36	0.001	1.21	0.68	0.71	0.99	0.75	0.75	0.071	0.31	1.22	0.002	56.7	1	0	0.41	0.05	0
0.01	2.73	0.82	0.36	0.02	4.18	0.56	0.08	1.26	0.87	0.87	0.001	1.4	1.41	0.006	56.9	1.01	0.07	0.16	0.08	0
0.8	3.56	0.03	2.75	0.006	5.43	0.53	0.96	0.02	0	0	0.042	11.36	1.96	0.009	38.71	6.67	0.09	0.27	0.04	1
2.54	0.09	0.03	3.22	0.005	1.18	0.26	1.8	0.72	0	0	0.088	9.41	1.39	0.009	39.38	7.7	0.03	0.34	0.02	1
0.04	1.03	0.02	0.42	0.04	0.19	0.06	1.99	0.48	0.33	0.001	0.05	17.88	1.28	0	1.94	3.24	0.09	0	0	0
0.5	12.11	0.15	3.06	0.12	5.28	0.84	0.99	0.62	0.72	0.72	0.076	15.81	2.17	0.004	26.52	1.06	0.06	0.4	0.02	0
0.05	28.85	0.13	2.95	0.07	8.5	0.04	0.1	0.62	0.8	0.8	0.093	11.4	1.5	0.004	31.67	0.2	0.03	0.48	0.02	0
2.06	15	0.67	2.69	0.12	6.57	0.33	0.16	1.01	0	0.76	0.168	18.25	1.06	0.009	30.08	5.31	0.07	0.32	0	0
2.48	3.9	0.02	2.85	0.006	7.93	0.29	0.29	0.57	0	0	0.154	16.29	1.96	0.002	2.64	0.79	0.04	0.03	0	1
0.06	18.48	0.03	2.17	0.007	5.21	0.73	0.8	1.28	0.93	0.93	0.184	10.89	1.46	0.003	42.94	5.85	0.09	0.49	0.09	0
0.09	29.11	0	1.44	0.05	0.18	0.07	0.05	0.96	0	0.64	0.1	16.6	0.95	0.008	10.69	0.28	0.05	0	0.08	0
0.04	3.29	0	2.73	0.01	0.09	0.06	1.18	1.41	0.63	0.63	0.128	8.99	1.43	0.01	5.71	0.64	0.02	0.04	0.06	0
2.9	18.82	0.05	0.77	0.003	3.33	0.3	1.09	1.35	0.38	0.006	0.13	18.06	1.29	0.01	0.31	6.33	0.05	0.06	0.07	1
0.06	10.03	0.05	1.63	0.06	0.03	0.05	1.58	0.96	0	0	0.057	8.3	1.75	0.006	3.48	0.65	0.07	0.06	0.07	0
0.09	17.35	0.03	1.74	0.06	0.05	0.08	0.22	1.09	0	0.57	0.101	10.69	0.31	0.001	6.03	0.66	0.04	0.01	0.01	0
0.07	7.79	0.87	2.76	0.08	6.74	0.06	0.67	0.63	0.48	0.003	0.007	9.53	1.32	0.002	13.15	6.35	0.09	0.17	0.07	0
0.04	3.55	0	0.12	0.09	0.06	0.07	0.09	1.36	0	0.82	0.17	13.5	0.34	0.006	1.43	0.07	0.02	0.09	0.06	0
0.07	3.38	0.07	0.24	0.09	0.25	0.03	0.08	1.44	0.34	0.004	0.172	1.4	2.1	0.01	4.44	4.62	0.05	0.08	0.08	0
0.02	7.41	0.01	0.7	0.03	0.04	0	0.03	0.08	0	0.52	0.022	12.05	0.52	0.009	10.85	1.98	0.05	0.05	0.07	0
0.05	27.89	0.02	3.81	0.007	1.36	0.08	1.24	0.66	0.68	0.68	0.182	2.19	1.2	0.009	9.83	6.17	0.01	0.07	0.07	0
0.09	8.21	0.001	3.35	0.002	4.37	0.33	1.94	0.78	0.89	0.89	0.101	12.11	1.51	0.008	56.34	7.62	0.02	0.33	0.04	0
0.04	18.47	0.09	1.16	0.09	0.02	0.08	1.97	0.59	0	0.007	0.169	5.09	0.26	0.004	0.75	0.58	0.07	0.05	0.01	0
0.01	8.92	0.2	4.88	0.05	0.36	0.09	0.54	0.14	0.27	0.004	0.069	8.6	1.9	0.007	17.18	2.91	0.08	0.43	0.09	0
4.84	21.94	0.79	1.97	0.13	7.46	0.89	0.95	1	0.75	0.75	0.119	9.33	1.26	0.009	29.26	2.38	0.09	0.24	0.02	0
0.36	17.7	0.001	3.35	0.001	1.4	0.29	1.38	1.48	0.67	0.67	0.08	17.96	1.98	0.002	28.45	3.93	0.07	0.31	0.08	0
0.05	25.22	0.02	2.99	0.001	2.28	0.89	1.27	1.25	0.75	0.75	0.076	7.49	1.32	0.008	37.7	7.52	0.01	0.15	0.08	0
0.07	5.97	0.05	0.97	0.05	0.06	0.06	1.45	0.65	0.57	0.57	0.19	7.18	1.89	0.009	1.08	0.8	0.03	0.01	0.09	0
0.06	17.35	0.08	0.38	0.09	0.18	0.09	0.27	0.61	0.65	0.65	0.137	7.77	1.94	0	1.79	0.03	0.02	0.1	0.06	0
0.08	1.13	0.02	0.44	0.1	0.27	0.05	1.43	0.68	0.42	0.005	0.108	16.61	1.58	0.001	8.53	0.24	0.04	0.03	0.01	0
0.09	7.52	0.07	0.48	0.06	0.17	0.04	0.42	0.07	0.32	0	0.015	14.66	1.46	0.004	2.37	4.31	0.03	0.05	0.04	0
1.27	19.87	0.03	0.04	0.008	6.23	0.84	1.91	0.83	0	0	0.018	0.45	1.42	0.009	12.9	2.15	0.03	0.21	0.04	1
0.03	19.9	0.06	1.55	0.08	0.07	0	1.43	1.34	0	0.76	0.069	6.81	0.13	0.002	4.18	0.63	0	0	0.03	0
0.09	3.12	0.06	1.77	0.08	0.09	0.05	0.69	0.14	0.44	0.008	0.155	5.88	1.33	0.01	2.61	0.1	0.02	0.08	0.02	0
0.07	1.57	0.03	2.06	0.005	4.74	0.14	0.49	1.39	0.75	0.75	0.064	5.43	1.53	0.009	21.35	6.31	0.09	0.23	0.06	0
0.04	14.4	0.02	0.15	0.006	5.89	0.04	0.98	0.77	0.52	0.52	0.185	17.51	1.63	0.009	52.16	3.55	0.1	0.24	0.06	0
0.27	7.11	0.04	2.04	0.006	5.85	0.75	1.44	0.58	0.21	0.006	0.066	0.6	1.27	0.003	26.57	3.28	0.05	0.15	0.02	0
0.06	18.77	0.09	1.25	0.06	0.07	0.07	0.36	0.64	0	0.69	0.005	1.63	0.49	0.001	1.47	0.41	0.07	0.08	0.05	0
0.08	16.7	0.03	0.54	0.02	0.01	0.01	1.05	0.86	0.37	0.002	0.113	0.23	1.48	0.01	4.19	5.07	0.08	0.07	0.03	0
0.01	20.82	0.03	0.87	0.02	0.51	0.04	0.53	0.95	0.19	0.004	0.011	12.28	1.96	0.006	2.66	0.51	0.03	0.05	0.05	0
0.01	0.25	0.6	2.76	0.06	6.16	0.85	0.07	0.44	0.07	0.007	0.15	11.27	1.31	0.005	38.89	4.51	0.02	0.18	0.08	0
0.01	21.07	0.1	0.77	0.07	0.31	0.07	1.05	1	0	0.007	0.109	2.57	0.57	0.001	6.53	0.27	0.04	0.1	0.05	0
0.09	13.37	0.08	0.93	0.07	0.07	0.01	1.5	0.69	0.82	0.82	0.053	1.08	1.24	0.005	0.51	2.75	0.05	0.08	0.07	0
0.12	14.86	0.37	1.11	0.02	6.39	0	0.81	0.24	0	0	0.005	16.93	1.73	0.002	17.69	1.67	0.04	0	0.03	1
3.87	13.49	0.08	1.78	0.06	3.93	0.23	1.69	1.47	0	0	0.123	5.94	1.17	0.009	40.54	6.13	0.03	0.48	0.05	0
4.39	1.24	0.86	1.94	0.11	3.99	0.8	1.99	0.48	0	0	0.05	18.81	1.49	0	20.32	6.66	0.09	0.16	0	0
2.26	27.01	0.01	3.84	0.006	5.22	0.79	1.97	1.48	0	0	0.031	9.52	1.43	0.001	16.06	1.11	0.09	0.14	0.08	1
0.13	28.57	0.03	1	0.008	4.96	0.66	0.8	0.91	0.15	0.008	0.05	9.65	1.42	0.005	12.48	7.93	0.09	0.42	0.01	0
0.06	23.36	0.01	0.99	0.02	0.35	0.07	0.64	0.43	0.46	0.002	0.059	16.37	1.75	0.006	8.57	0.45	0.03	0.08	0.06	0
0.01	15.07	0.36	1.69	0.12	8.11	0.07	0.09	1.2	0.59	0.59	0.001	19.04	1.91	0.007	44.63	5.18	0.06	0.07	0.02	0
0.01	18.12	0.03	3.98	0.006	1.87	0.07	0.66	0.04	0.32	0.002	0.028	8.02	1.07	0.002	40.27	1.16	0	0.35	0.02	0
0.06	2.93	0.04	0.06	0.05	0.07	0.05	1.43	0.19	0	0	0.097	11.05	1.37	0.001	4.83	0.64	0.07	0.04	0.01	0
1.86	18.57	0.15	1.83	0.11	2.86	0.15	1.58	0.96	0.31	0.009	0.057	7.89	1.84	0.006	33.56	6.83	0.07	0.04	0.07	0
0.38	20.9	0.04	2.5	0.007	7.05	0.25	1.98	0.51	0	0	0.152	12.2	1.19	0.008	34.98	1.65	0.04	0.18	0.03	0
0.03	16.55	0.42	2.65	0.07	1.86	0.04	1.75	0.76	0.26	0.003	0.092	14.2	1.15	0.01	37.81	2.66	0.05	0.27	0.04	0
0.1	6.96	0.02	0.68	0.1	0.21	0	1.86	0.42	0	0.003	0.115	6.12	1.22	0.005	7.21	4.82	0.06	0.01	0.06	0
0.1	22.3	0.1	1.07	0.06	0.02	0.08	0.07	0.27	0	0.88	0.183	8.21	0.69	0.006	0.08	0.66	0.06	0.03	0.07	0
0.03	26.95	0.11	1.2	0.03	4.11	0.13	1.34	0.29	0.96	0.96	0.167	15.66	1.95	0.002	39.66	7.99	0.06	0.5	0.06	0
0.03	21.73	0.05	0.56	0.05	0.08	0.06	0.01	1.24	0	0.83	0.026	0.66	0.47	0.009	0.11	0.64	0.1	0.01	0.09	0
1.27	23.08	1.04	4.34	0.06	4.53	0.63	1.94	1.27	0	0	0.194	13.44	2.24	0.005	1.1	4.8	0.08	0.22	0.07	0
0.08	15.76	0.07	0.69	0.07	0.03	0.08	1.05	0.86	0.37	0.002	0.113	0.27	0.43	0.01	2.42	4.23	0.08	0.06	0.03	0
0.09	1.69	0.1	0.92	0.09	0.01	0.09	1.28	0.99	0	0	0.165	4.93	1.13	0.005	0.78	1.35	0.02	0.09	0.06	0
0	2.28	0.07	0.06	0.01	0.21	0.05	0.04	0	0	0	0.169	6.18	1.79	0.001	3.05	1.05	0.1	0.06	0.02	0
0.08	11.57	0.05	0.61	0.03	0.13	0.08	1.54	0.32	0.33	0.006	0.041	18.58	1.36	0.009	13.66	4.58	0.06	0.05	0.08	0
0.06	19.47	0.51	1.18	0.07	1.28	0.76	0.07	0.26	0.92	0.92	0.105	4.64	1.82	0.006	50.57	7.42	0.01	0.33	0.04	0
0.07	29.27	0.33	1.32	0.02	2.76	0.44	0.06	0.28	0.19	0.001	0.059	9.93	1.84	0.006	46.95	2.08	0.06	0.5	0.08	0
0.05	19.48	0.01	0.76	0.05	0.01	0.09	0.38	0.02	0.76	0.76	0.121	7.47	1.37	0.008	2.68	0.06	0.07	0.01	0.09	0
0.03	27.79	0.09	0	0.08	0.07	0.04	0.06	1.03	0	0.007	0.142	1.79	0.04	0.002	2.97	0.72	0.09	0.04	0.02	1
0.09	0.69	0.001	2.03	0.006	3.29	0.5	1.3	1.06	0.55	0.55	0.1	3.34	1.58	0.007	26.68	6.06	0.02	0.48	0.04	0
0.23	27.29	0.51	3.86	0.12	3.12	0.47	0.54	0.79	0	0.89	0.07	15.17	2.11	0.005	6.4	0.97	0.06	0.4	0.08	0
0.08	8.97	0	1.72	0.1	0.03	0.02	0.09	1.15	0	0	0.121	2.62	1.45	0.003	5.09	7.55	0.1	0.04	0.03	0
0.02	9.63	0.02	1.95	0.003	7.16	0.15	1.04	0.58	0.5	0.5	0.106	14.85	1.82	0.005	55.86	4.25	0.03	0.24	0.01	0
3.25	1.44	0.15	3.98	0.08	4.37	0.45	1.13	1.05	0.97	0.97	0.007	6.19	1.53	0.006	44.27	6.28	0.01	0.42	0.08	0
0.12	2.74	0.37	3.73	0.1	2.8	0.15	1.99	1.29	0.86	0.86	0.047	7.79	1.75	0.002	31.79	3.95	0.04	0.14	0.02	0
1.04	28.14	0.45	3.74	0.02	2.59	0.65	0.25	1.16	0	0	0.191	11.94	1.23	0.007	21.5	6.19	0.03	0.17	0.07	0
4.86	26.54	0.85	2.79	0.08	0.84	0.17	1.57	0.11	0.52	0.52	0.018	8.05	2.07	0.001	36.06	0.35	0.08	0.22	0.05	0
0.03	23.48	0.6	1.12	0.11	4.66	0.82	1.57	0.43	0.04	0.003	0.089	15.21	2.29	0.005	29.59	5.11	0.03	0.2	0.03	0
0.05	4.29	0.05	0.52	0.06	0.44	0.06	0.08	1	0	0	0.119	9.69	1.14	0.009	0.45	2.38	0.09	0.04	0.02	0
0.05	23.72	0.02	2.09	0.001	2.4	0.3	0.86	1.34	0.97	0.97	0.086	1.52	1.11	0.002	15.47	4.89	0.04	0.21	0.01	0
2.98	15.24	0.19	3.18	0.07	1.79	0.25	1.12	1.15	0.69	0.69	0.121	2.84	1.54	0.003	32.7	7.55	0.1	0.01	0.03	0
0.06	21.87	0.02	1.1	0.04	0.49	0.08	0.02	0.12	0	0.74	0.135	12.57	0.77	0.002	0.12	0.17	0.06	0.06	0.04	0
0.01	0.06	0	2.13	0	0.01	0.04	0.07	1.24	0	0.51	0.098	10.9	0.2	0.003	0.04	0.81	0.04	0.03	0.05	0
4.44	18.81	0.2	1.57	0.03	3.07	0.41	1.26	1.04	0.17	0	0.2	16.57	1.31	0.005	48.03	4.52	0.06	0.45	0.05	0
0.05	22.64	0.08	1.93	0.03	0.04	0.05	1.4	0.54	0.01	0	0.041	12.19	1.12	0.008	1.48	0.92	0.03	0.09	0.06	0
0.18	22.11	0.42	2.93	0.04	0.48	0.21	1.32	1.23	0.56	0.56	0.049	19.29	2.23	0.007	32.02	0.51	0.06	0.2	0	0
3.08	27.3	0.04	0.71	0.001	1.62	0.88	0.76	1.33	0	0	0.077	17.5	1.99	0.007	46.12	5.13	0.05	0.2	0.06	0
0.03	11.12	0.07	2.82	0.04	0.11	0.09	0.05	0.23	0	0.007	0.166	16.15	0.77	0.003	3.16	3.8	0.07	0.03	0.07	0
0.09	7.37	0.02	1.08	0.05	0.23	0.01	0.04	0.05	0	0.005	0.1	9.92	0.57	0.007	2.72	0.1	0.06	0.08	0.05	1
1.25	5.66	0.001	0.87	0.006	3.81	0.15	0.33	1.33	0.59	0.59	0.136	11.06	1.92	0.008	50.93	4.39	0.01	0.39	0.01	0
0.01	19.69	0.09	1.64	0.07	0.06	0.07	0.08	1.03	0	0.002	0.141	16.63	0.04	0.006	5.79	0.22	0.1	0.05	0.08	0
0.1	20.46	0.02	3.79	0.001	7.18	0.49	1.16	0.4	0.25	0.002	0.09	5.38	1.72	0.01	3.49	5.83	0.1	0.24	0.04	0
0.04	0.4	0.02	0.38	0.06	0.08	0.06	0.03	0.08	0.61	0	0.123	4.26	1.93	0	7.49	0.32	0.03	0.02	0.01	0
0.04	6.2	0.06	0.28	0.04	0.59	0.02	0.33	0.82	0.29	0.004	0.093	1.51	1	0.004	1.4	0.03	0.03	0.03	0.05	0
0.01	3.78	0.1	0.26	0.03	0.07	0.08	1.23	0.86	0	0.87	0.019	16.86	0.49	0.007	2.01	0.17	0.01	0.05	0.08	0
0.24	22.69	0.04	3.61	0.001	1.66	0.33	1.68	0.48	0.62	0.62	0.147	17.79	1.49	0.004	34.46	1.38	0.1	0.28	0.02	0
2.83	0.41	0.05	2.6	0.1	1.28	0.33	1.94	1.49	0	0.001	0.114	10.44	1.99	0.007	53.39	2.54	0.04	0.5	0.09	0
0.02	26.28	0.07	0.51	0.08	0.1	0.02	1.56	1.15	0.07	0.001	0.044	12.62	0.65	0.004	4.99	4.82	0.04	0.03	0.03	0
4.94	25.72	0.03	3.47	0.004	6.58	0.89	1.62	1.27	0	0	0.117	12.88	1	0.005	21.68	4.06	0.1	0.33	0.03	0
0.04	11.36	0.03	0.49	0.08	0.12	0.1	0.05	1.2	0	0.002	0.01	18.55	0.36	0.002	4.29	1.7	0.01	0.08	0.04	0
0	22.12	0.03	0.59	0.03	0.09	0.06	1.72	0.81	0.87	0.87	0.15	2.74	1.6	0.004	0.59	2.6	0.02	0.09	0.05	0
0.07	19.48	0.09	0.19	0.05	0.09	0.07	1.26	0.59	0	0	0.011	4.32	1.65	0.01	1.17	0.93	0.02	0.1	0.06	0
0.09	2.5	0.01	0.16	0.07	0.04	0.05	0.04	0.21	0	0	0.01	2.97	1.83	0.002	3.45	1.54	0.09	0.08	0.01	0
0.09	11.33	0.65	1.77	0	6.93	0.87	0.05	1.2	0.2	0.002	0.001	18.79	2.11	0.002	23.83	4.58	0.01	0.2	0.04	0
2.85	28.55	0.02	1.67	0.007	2.79	0.6	0.42	1.13	0.05	0.004	0.053	12.29	1.37	0.006	55.21	1.29	0.08	0.12	0.04	0
0.05	19.75	0.01	1.58	0.03	0.25	0.09	0.05	0.98	0.07	0.008	0.107	4.09	0.88	0.007	10.19	0.97	0.09	0.07	0.02	0
0.01	7.28	0.02	1.14	0.005	4.55	0.24	0.28	0.82	0.54	0.54	0.197	1.4	1.95	0.007	41.66	3.64	0.05	0.37	0.05	0
0.1	0.12	0.1	0.72	0.1	0	0.09	1.71	1.42	0	0.002	0.103	16.81	0.44	0.006	7.95	0.51	0.07	0.09	0	0
0.04	8.49	0.04	0.4	0.09	0.04	0.06	1.33	0.71	0.66	0.66	0.014	8.62	0.09	0.006	3.79	2.51	0.01	0.07	0.02	0
0.19	22.84	0.001	0.09	0.004	1.11	0.54	1.21	1.33	0	0	0.116	12.05	1.58	0.009	21.2	0.46	0.03	0	0.03	1
2.94	18.72	0.1	3.79	0.12	6.11	0.54	0.79	0.54	0	0	0.126	18.52	1.83	0.009	11.33	4.33	0.1	0.05	0.02	0
0.04	1.83	0.02	1.39	0.05	0.17	0.1	0.39	0.76	0.15	0.004	0.082	14.87	1.58	0.01	8.13	1.53	0.02	0.07	0.01	0
0.05	19.72	0.001	1.76	0.001	2.25	0.2	1.85	1.43	0.68	0.68	0.089	4.43	1.15	0.004	2.61	2.61	0.03	0.08	0.04	0
0.08	21.15	0.001	3.33	0.007	2.05	0.1	1.48	0.95	0.91	0.91	0.073	17.73	1.91	0.006	6.17	3.69	0.04	0.37	0	0
0.09	26.09	0.61	2.95	0.08	4.09	0.4	0.05	1.05	0.4	0.007	0.001	13.86	2.27	0.003	5.67	2.53	0.05	0.41	0.07	0
0.09	22.48	0.02	0.93	0.02	0.3	0.06	1.34	0.36	0	0.84	0.07	8.88	0.86	0.007	7.38	3.53	0.09	0.04	0.05	0
0.06	5.35	0.03	0.94	0.03	0.45	0	0.01	0.38	0.04	0	0.166	1.19	1.54	0.01	12.63	2.6	0.09	0.07	0.01	0
0.05	22.21	0.09	0.05	0.01	0.15	0.08	0.29	0.51	0	0.86	0.048	2.3	0.49	0.005	4.76	4.85	0.07	0.04	0.07	0
0.02	28.67	0.1	1	0.1	0.03	0.04	0.04	1.04	0.08	0.007	0.141	6.48	0.67	0.006	3.39	0.63	0.05	0.02	0.08	0
0.05	9.62	0.24	4.29	0.04	5.33	0.06	1.17	0.9	0.51	0.51	0.13	2.88	1.42	0.01	59.74	4.23	0	0.03	0.01	0
0.12	23.37	0.05	1.65	0.006	7.09	0.47	1.95	1.38	0.46	0.003	0.191	18.27	1.03	0.009	29.38	2.4	0.05	0.35	0.02	0
0.08	2.81	0.08	0.69	0.09	0.01	0.03	0.2	0.64	0	0.007	0.132	4.67	0.53	0.004	8.12	2.49	0.06	0.04	0.04	1
0.08	15.91	0.61	3.16	0.06	8.08	0.13	1.64	0.78	0.61	0.61	0.038	7.54	2.21	0.009	53.54	3.07	0.09	0.11	0.03	0
0.04	16.27	0.04	1.64	0.09	0.02	0.06	1.75	0.76	0.26	0.003	0.092	13.48	1.08	0.01	3.82	1.31	0.05	0.03	0.04	0
1.37	16.36	0.04	0.91	0.002	5.42	0.43	0.1	1.08	0.99	0.99	0.002	18.02	1.88	0.003	43.63	1.75	0.04	0.13	0.01	0
0.06	4.24	0.07	0.94	0.07	0.05	0.1	0	0.99	0	0.002	0.165	4	0.5	0.005	6.74	0.79	0.02	0.03	0.06	0
2.9	11.88	0.13	4.57	0.06	6.64	0.58	0.89	0.04	0.46	0.002	0.089	8.33	2.54	0	16.52	1.66	0.06	0.33	0.05	0
0.02	2.59	0	0.24	0.04	0.55	0.02	0.66	0.04	0	0	0.097	3.39	1.37	0.01	0.73	3.36	0.04	0.09	0.04	0
1.72	23.59	0.61	4.25	0.07	2.66	0.4	0.76	0.62	0	0.65	0.044	7.86	2.2	0.005	0.5	5.22	0.03	0.48	0.02	0
0.02	18.72	0.06	4.33	0.08	6.31	0.54	0.79	0.54	0.2	0.009	0.126	18.34	2.41	0.009	11.34	4.33	0.1	0.05	0.02	0
3.23	19.49	0.25	1.54	0.01	6.54	0.31	1.91	0.96	0	0.002	0.132	17.01	1.2	0.01	45	5.19	0.02	0	0.02	0
0.08	7.88	0.01	3.78	0.04	0.01	0.05	0.09	0.2	0.44	0	0.035	6.12	1.88	0.005	0.39	3.1	0.09	0.07	0.01	0
0.35	26.57	0.58	1.53	0.06	2.36	0.18	0.07	1.44	0.95	0.95	0.162	5.65	1.8	0.009	42.8	3.61	0.05	0.02	0.05	0
3.11	27.84	0.14	2.95	0.06	6.69	0.58	0.74	0.84	0	0.004	0.043	2.4	1.8	0.007	42.57	7.04	0.09	0.13	0.09	0
0	6.06	0.03	0.42	0.07	0.24	0.04	1.05	0.96	0.32	0.008	0.049	1.92	1.72	0.001	9.55	0.27	0.01	0.06	0.05	0
0.01	16.46	0.02	0.6	0.07	0.19	0.1	0.88	0.12	0.87	0.87	0.143	13.87	1.13	0.009	0.18	0.4	0.07	0.06	0.02	0
0.07	2.58	0.03	0.51	0.003	5.67	0.68	1.25	0.29	0.78	0.78	0.112	2.44	1.23	0.006	6.7	3.04	0.07	0.32	0.06	0
0.07	4.88	0	0.18	0.07	0.29	0.01	0.33	1.33	0	0.59	0.136	11.66	0.45	0.008	8.05	3.79	0.01	0.03	0.01	0
0.02	0.63	0.05	2.85	0.03	0.04	0	0	0.63	0	0.003	0.139	15.88	0.27	0.002	4.28	0.31	0.1	0.01	0.08	0
0.11	23.08	0.76	3.69	0.02	5.35	0.63	1.94	1.27	0.08	0.008	0.194	14.09	2.01	0.005	1.07	4.8	0.08	0.22	0.07	0
0.09	20.24	0.09	0.44	0.08	0.33	0.05	1.89	1.05	0.83	0.83	0.184	1.25	1.52	0.001	6.99	0.07	0.07	0.01	0.07	0
0.1	28.78	0.01	0.92	0.07	0.01	0.02	0.07	0.57	0	0.007	0.153	15	0.93	0.003	0.3	0.49	0.1	0.09	0.09	0
0	29.02	0.01	0.51	0	0.1	0.05	0.09	1.14	0	0.68	0.136	8.21	0.68	0.008	0.96	0.99	0.04	0.01	0.02	0
0.1	22.26	0.06	0.31	0.09	0.06	0.03	1.04	1.06	0	0	0.038	16.11	1.81	0.005	1.24	3.37	0.06	0.04	0.09	0
0.07	23.78	0.02	0.55	0.02	0.31	0.04	1.56	1.02	0.04	0.001	0.075	2.27	0.56	0	0.33	0.43	0.03	0.07	0.06	0
2.27	29.58	0.27	3.13	0.05	4.91	0.72	0.14	1.42	0	0	0.082	12.03	1.6	0.006	6.91	4.96	0	0.16	0.05	0
1.72	7.87	0.02	0.23	0.004	6.76	0.28	0.36	0.45	0.79	0.79	0.198	7.1	1.36	0.008	12.99	1.1	0	0.33	0.06	1
0.09	19.71	0.07	1.93	0.02	0.19	0.07	1.05	0.69	0.77	0.77	0.052	9.46	1.7	0.002	1.89	3.9	0.01	0.03	0.04	0
0.07	27.2	0	0.89	0	0.02	0.01	1.69	0.98	0	0.004	0.181	6.11	0.61	0.008	2.56	0.64	0.07	0.03	0.01	0
2.77	25.89	0.62	3.35	0.06	3.48	0.63	1.26	0.34	0.94	0.94	0.093	7.97	1.8	0.007	55.98	5.12	0.05	0.12	0.04	0
0.03	27.57	0.07	0.61	0.01	0.34	0.04	0.08	1.42	0	0.97	0.196	5.59	0.26	0.003	9.57	0.75	0.1	0.04	0.01	0
0.04	0.17	0.07	1.35	0.02	0.06	0.1	0.14	0.77	0.24	0.003	0.062	13.96	2	0.005	5.74	0.78	0.08	0.02	0.08	0
0.05	9.04	0.06	0.47	0.09	0.09	0.01	1.03	0.99	0.43	0.006	0.132	8.76	0.52	0.006	1.71	0.84	0.02	0.05	0.02	0
3.12	24	0.05	4.09	0.03	6.64	0.88	1.81	0	0	0.003	0.12	2.04	1.36	0.008	34.63	0.27	0.03	0.46	0.01	0
0	26	0.08	0.31	0.04	0.02	0.05	1.62	0.96	0	0	0.138	5.66	0.34	0	0.44	0.52	0.01	0	0.06	0
0.02	16.79	0.08	0.07	0.02	0.08	0.05	1.15	0.34	0	0.85	0.065	18.32	0.73	0.003	7.8	0.5	0.1	0.07	0.01	0
0.07	10.38	0.05	0.17	0.006	7.52	0.89	0.52	0.32	0.31	0.002	0.11	3.55	1.79	0	6.24	4.15	0.01	0.1	0.02	1
2.82	7.2	0.04	3.95	0.004	4.78	0.38	0.86	1.3	0.89	0.89	0.02	9.73	1.61	0.004	30.01	7.67	0.05	0.5	0.06	1
3.46	4.97	0.01	1.67	0.006	3.7	0.49	0.41	1.22	0.29	0.006	0.101	16.82	1.29	0.001	18.51	5.73	0.07	0.18	0.05	1
0.03	12.18	0.03	1.45	0.05	0.24	0.1	0.02	0.17	0	0.66	0.124	16.62	0.99	0.009	6.01	0.01	0.07	0.08	0.02	0
0.04	22.75	0.1	0.38	0.06	0.06	0	1.23	0.66	0.93	0.93	0.155	17.07	0.45	0.002	1.67	3.47	0.07	0.07	0.04	0
3.6	21.3	0.001	0.33	0.004	2.45	0.67	1.36	0.66	0.76	0.76	0.11	9.67	1.68	0.006	36.42	4.17	0.08	0.17	0.04	0
4.54	2.98	0.13	4.03	0.02	7.55	0.29	1.67	0.47	0	0.54	0.141	5.15	1.67	0.006	8.07	0.8	0.04	0.4	0.03	0
0.02	21.72	0.04	1.36	0.1	0.21	0.07	0.93	0.2	0	0.51	0.105	6.42	0.44	0.002	0.32	0.9	0.04	0	0.05	0
0.6	24.58	0.01	0.71	0.005	3.14	0.77	1.45	0.98	0.35	0.002	0.167	14.66	1.84	0.004	23.43	4.99	0.08	0.25	0.08	1
3.47	19.62	0.33	1.81	0.01	2.43	0.2	1.85	1.43	0.68	0.68	0.089	4.84	1.34	0.004	40.09	2.61	0.03	0.08	0.04	0
0.28	3.82	0.001	0.58	0.003	7.06	0.45	1.61	0.45	0.24	0.002	0.149	18.77	1.69	0.004	23.25	4.39	0.1	0.33	0.03	0
0.47	17.96	0.49	2.59	0.13	7.22	0.61	1.95	0.48	0.13	0.001	0.095	15.47	1.87	0.002	21.43	4.2	0.09	0.08	0.03	0
0.04	13.49	0.08	0.24	0.04	0.18	0.06	0.09	1.16	0	0.005	0.198	7.68	0.83	0.01	4.76	0.19	0.06	0.06	0.04	0
0.06	23.68	0.09	0.14	0.08	0.05	0.01	0.85	0.14	0.41	0.006	0.183	13.53	1.37	0.01	0.23	4.91	0.03	0.05	0.02	0
0.1	29.64	0.03	4	0.006	1.3	0.79	1.82	0.44	0.14	0.001	0.022	14.61	1.76	0.007	31.63	1.54	0.03	0.2	0.06	0
2.01	3.43	0.04	1.78	0.005	4.56	0.52	1.83	1.3	0.12	0.003	0.129	7.29	1.14	0.007	10.95	5.13	0.07	0.44	0.08	1
0	11.76	0.59	2.66	0.05	2.35	0.57	1.81	0.38	0.09	0.006	0.083	8.53	1.78	0.007	13.89	6.11	0.05	0.24	0	0
0.06	16.98	0.06	0.43	0.08	0.4	0.05	1.74	0.66	0.07	0.008	0.091	1.05	0.34	0.008	1.36	0	0.02	0.09	0.05	0
2.09	23.99	0.02	0.25	0.008	3.28	0.57	0.95	0.75	0.82	0.82	0.197	11.71	1.79	0.006	34.24	4.4	0.08	0.35	0.01	0
0.08	26.15	0.02	2.3	0.008	1.09	0.4	1.17	1.31	0.57	0.57	0.109	6.07	1.99	0.007	4.89	2.38	0.05	0.22	0.02	0
4.19	20.35	0.01	1.47	0.003	3.09	0.52	1.68	1.4	0	0	0.164	10.88	1.54	0.005	19.88	4.21	0.09	0.17	0.06	1
4.39	18.91	0.04	0.73	0.003	2.92	0.41	1.26	1.04	0	0	0.2	16.09	1.23	0.005	4.79	4.52	0.06	0.45	0.05	1
3.02	8.27	0.41	2.77	0.12	0.76	0.69	1.05	0.8	0.1	0.003	0.197	18.99	1.09	0.008	24.7	4.25	0.05	0.22	0.01	0
0.14	7.88	0.52	1.6	0.1	4.57	0.71	0.02	1.23	0.02	0.006	0.048	10.62	1.82	0.002	13.1	1.76	0.1	0.44	0.01	0
0.02	11.64	0.04	0.59	0	0.1	0.08	0.51	0.92	0	0	0.072	2.32	1.59	0.01	3.04	2.51	0.06	0.02	0.06	0
3.42	0.97	0.08	2.4	0.04	2.97	0.84	1.92	1.2	0	0	0.082	19.28	1.85	0.008	23.93	0.37	0.02	0.46	0.08	0
0.04	23.54	0.25	0.55	0.04	3.81	0.28	0.02	0.63	0.74	0.74	0.152	8.02	1.93	0.005	44.57	5.94	0.07	0.22	0.02	0
0.09	8.56	0.05	1.59	0.04	0.07	0.03	1.7	0.29	0	0.78	0.185	13.11	0.16	0.006	1.94	0.37	0.03	0.01	0.04	0
2.02	9.31	0.03	2.83	0.001	0.88	0.73	1.49	1.45	0.42	0.009	0.159	2.7	1.24	0.001	29.85	5.52	0.04	0.39	0	1
0.01	4.69	0.06	1.81	0.06	0.19	0.07	0.09	0.27	0	0	0.062	5.44	1.75	0.009	2.8	7.76	0.06	0.03	0.09	0
3.65	21.2	0.52	1.03	0.09	2.57	0.67	1.36	0.66	0	0	0.11	10.47	2.07	0.006	41.13	4.17	0.08	0.17	0.04	0
0.07	13.22	0.02	0.04	0.01	0.34	0.08	0.03	1.48	0.06	0.001	0.117	3.19	0.74	0.004	3.5	5.51	0.06	0.1	0.09	0
0.06	28.66	0.01	0.08	0.01	0.02	0.03	1.93	0.43	0.73	0.73	0.18	9.98	1.48	0.009	7.64	1.69	0.02	0.09	0.01	0
3.53	24.88	0.01	1.48	0.005	5.28	0.51	1.67	0.5	0	0	0.062	7.04	1.09	0.007	49.23	4.02	0.1	0.36	0.04	0
0.05	9.19	0.03	1.73	0.05	0.26	0	1.76	0.56	0.5	0.5	0.096	6.32	1.43	0.002	2.14	0.12	0.1	0.07	0.01	0
2.8	23.13	0.04	0.12	0.006	3.67	0.29	0.98	0.27	0.2	0.005	0.012	8.32	1.02	0.004	24.98	0.74	0.07	0.45	0.08	1
2.03	1.4	0.66	4.38	0.1	3.71	0.79	1.37	0.62	0	0	0.112	8.21	1.64	0.007	2.03	4.38	0.05	0.29	0.05	0
0.06	28.88	0.04	0.39	0.05	0.01	0.04	0.08	0.28	0	0.001	0.059	9.91	0.89	0.006	0.38	0.15	0.06	0.02	0.08	1
0.08	9.9	0.001	1.09	0.008	5.87	0.57	0.37	0.95	0.33	0.006	0.072	2.98	1.95	0.002	26.27	4.53	0.02	0.11	0.02	0
0.02	9.14	0.09	0.75	0.04	0.43	0.06	0.37	0.95	0.33	0.006	0.072	2.98	1.95	0.002	2.55	0.28	0.02	0.01	0.02	0
4.7	18.64	0.001	3.09	0.002	3.9	0.27	0.93	0.94	0	0	0.011	0.42	1.77	0.004	28.9	4.51	0	0.12	0.07	1
0.14	16.25	0.95	3.27	0.1	5.63	0.29	1.5	0.25	0.02	0	0.083	6.51	2.11	0.009	58.66	1.39	0.02	0.11	0	0
0.04	11.69	0.08	0.19	0.1	0.14	0.09	0.1	0.51	0	0	0.187	1.27	1.92	0.01	5.14	7.71	0.08	0.08	0	0
3.86	11.01	0.97	2.89	0.09	6.44	0.45	0.22	0.79	0	0.59	0.119	14.94	2.17	0.001	38.37	6.14	0.08	0.4	0.05	0
2.75	26.64	0.001	0.19	0.004	1.67	0.77	0.05	1.43	0.92	0.92	0.04	4.18	1.85	0.007	53.91	2.01	0.01	0.23	0.01	0
0.08	14.44	0.001	0.16	0.008	7.58	0.71	0.67	0.73	0.92	0.92	0.057	6.69	1.28	0.009	29.4	7.19	0.09	0.2	0	0
0.01	24.78	0.11	1.81	0.01	5.3	0.51	0.06	0.5	0.89	0.89	0.062	7.76	1.41	0.007	50.29	4.02	0.1	0.36	0.04	0
0.37	28.26	0.27	4.41	0.1	0.52	0.76	0.4	0.34	0.65	0.65	0.013	1.98	1.28	0.003	29.11	4.91	0.01	0.36	0.02	0
0.09	18.43	0.01	0.74	0.05	0.28	0.09	0.06	0.78	0.89	0.89	0.09	17.59	0.24	0.004	11.23	6.4	0.01	0.03	0.09	0
0.03	6.18	0.05	0.26	0.05	0.05	0.01	1.89	1.38	0	0	0.033	14.92	1.87	0.009	0.05	2.28	0	0.05	0.02	0
2.82	23.76	0.03	0.76	0.007	2.91	0.51	1.38	1.26	0.48	0.007	0.152	3.95	1.52	0.01	30.36	0.53	0.06	0.09	0.06	1
0.29	23.19	0.03	2.69	0.006	4.94	0.76	1.85	1.24	0.75	0.75	0.124	1.91	1	0.008	24.84	3.19	0.08	0.37	0.06	0
0.06	1.15	0.01	0.12	0.08	0.07	0.02	0.51	0.91	0.7	0.7	0.041	13.57	1.46	0.005	7.03	0.41	0.02	0.08	0.07	0
0.1	16.67	0.1	0.42	0.08	0.03	0.06	1.21	1.21	0.83	0.83	0.105	8.61	1.93	0.003	3.86	0.12	0.04	0.07	0.05	0
0.06	0.51	0.03	0.83	0.07	0.06	0.04	0.89	0.61	0.01	0.001	0.117	12.55	1.36	0.004	2.3	0.22	0.02	0.08	0.06	0
0.07	0.88	0.1	0.96	0.06	0.1	0.1	1.78	1.17	0.28	0.002	0.035	0.92	1.15	0.009	1.1	0.89	0	0.04	0.02	0
0.07	21.47	0	0.27	0.09	0.46	0.04	0.09	1.2	0	0.006	0.155	15.05	0.9	0.009	6.58	3.33	0.05	0.01	0	0
0.27	19.19	0.97	1.01	0.03	4.83	0.35	1.37	0.65	0.09	0.006	0.034	11.13	1.95	0.008	47.85	6.75	0.06	0.42	0.02	0
0.12	24.97	0.84	4.02	0.11	1.07	0.79	0.72	0.87	0.17	0.001	0.033	19.46	1.23	0.004	27.52	0.4	0.08	0.31	0.04	0
3.98	4.79	0.46	2.37	0.05	3.65	0.4	1.49	1.05	0.57	0.57	0.196	6.78	1.75	0.003	33.28	6.43	0.01	0.31	0.08	0
0.06	18.97	0.21	2.17	0.1	4.85	0.65	0.73	0.82	0	0	0.122	2.22	1.66	0.007	37.91	2.87	0.1	0.01	0.04	0
0.01	28.12	0.07	0.96	0.03	0.47	0.08	0.21	1.04	0	1	0.105	5.33	0.68	0.009	11.88	0.47	0.06	0.03	0.03	0
3.99	21.48	0.48	3.73	0.04	5.89	0.08	0.35	1.43	0	0	0.061	18.72	1.12	0.004	49.94	2.9	0.05	0.46	0.03	0
0.08	5.7	0.09	1.45	0.03	0.27	0.02	0.05	1.34	0	0	0.037	6.65	1.27	0.01	0.19	4.53	0.05	0.08	0.08	0
0.08	9.91	0.02	0.57	0.1	0.01	0.04	0.08	0.31	0	0	0.102	2.07	1.71	0.001	3.49	5.01	0.02	0.08	0.03	0
0.03	1.42	0.01	3.27	0.04	0.12	0.08	0.86	1.29	0.39	0.005	0.016	11.46	1.89	0.008	9.01	0.81	0.01	0.09	0.04	0
0.01	19.16	0.05	1.86	0.07	0.07	0.06	0.02	0.04	0.46	0	0.046	11.83	1.52	0.007	2.33	2.06	0.1	0.08	0.07	0
0.02	20.01	0.89	2.51	0.08	5.65	0.41	0.09	0.98	0.07	0.008	0.107	4.66	2.15	0.007	49.96	1.63	0.09	0.16	0.02	0
3.4	12.21	0.24	1.19	0.05	5.64	0.8	0.03	0.93	0.62	0.62	0.05	19.6	1.93	0.001	31.45	4.21	0.06	0.07	0.02	1
0.06	29.06	0	0.88	0.04	0.17	0.03	0	1.46	0	0.76	0.083	4.07	0.17	0.009	3.27	0.81	0.07	0.09	0.06	0
2.97	23.49	0.67	4.29	0.12	3.58	0.11	1.17	0.27	0.26	0.005	0.013	18.26	2.14	0.001	51.66	4.29	0.02	0.42	0.08	0
0.01	6.71	0.01	1.66	0.009	1.82	0.14	1.63	0.26	0.61	0.61	0.142	2.11	1.47	0.006	10.56	1.2	0	0.45	0	0
0.03	20.35	0.01	1.47	0.003	3.09	0.52	1.68	1.4	0.16	0.005	0.164	10.88	1.54	0.005	19.88	4.21	0.09	0.17	0.06	0
0.01	4.19	0.06	0.4	0.1	0.05	0.06	0.58	1.32	0	0	0.118	9.73	1.61	0.005	0.23	3.41	0.04	0.04	0.06	0
0.04	20.35	0.04	0.46	0.1	0.1	0.09	0.83	1.09	0.34	0.005	0.084	6.64	0.09	0.001	0.09	1.79	0.06	0.01	0.01	0
0.06	22.81	0.58	1.38	0.08	4.21	0.37	0.07	0.69	0.22	0.002	0.054	10.57	1.21	0.007	4.2	6.7	0.09	0.37	0.04	0
0.06	18.55	0.01	3.59	0.008	5.35	0.13	1.04	0.09	0.83	0.83	0.151	17.52	1.69	0.006	7.6	3.29	0.07	0.35	0.05	0
0.02	15.55	0.08	1.97	0.02	0.3	0.02	0.02	1.24	0	0.006	0.193	17.29	0.91	0.001	1.47	0.08	0.09	0.01	0.05	0
0.01	13.07	0.01	0.26	0.03	0.07	0.06	0.99	0.31	0.01	0.007	0.19	10.63	1.28	0.003	0.86	0.3	0.04	0.05	0.04	0
0.93	11.02	0.73	1.04	0.09	4.61	0.85	1.1	1.48	0	0	0.147	8.52	1.56	0.007	31.88	1.2	0.02	0.27	0.02	0
0.04	21.38	0.07	0.31	0.08	0.01	0.03	0.07	0.58	0	0.52	0.011	18.4	0.8	0.009	4.43	0.75	0.08	0.09	0.08	0
0.06	15.49	0.05	0.17	0.06	0.07	0.08	0.03	1.01	0.68	0	0.198	12.38	1.16	0.007	5.43	1.02	0.03	0.05	0.06	0
0.03	20.64	0.03	2.6	0.008	7.24	0.61	1.23	1.44	0.56	0.56	0.012	9.42	1.74	0.004	36.23	3.22	0.07	0.18	0.08	0
0.13	22.19	0.08	2.26	0.02	2.72	0.46	0.24	0.66	0.09	0.008	0.17	16.65	1.63	0.006	4.5	0.68	0.02	0.09	0.02	1
0.08	11.3	0.09	2.48	0.08	0.08	0.03	0.91	0.65	0	0.51	0.023	16.7	0.8	0.006	0.53	4.44	0.03	0.07	0.03	0
4.04	0.98	0.02	1.62	0.004	4.54	0.24	1.66	0.64	0.1	0.002	0.124	12.21	1.06	0.007	24.01	3.65	0.05	0.37	0.02	1
0.02	25.23	0.09	0.33	0.07	0.08	0.06	0.05	0.05	0	0.002	0.018	10.88	0.8	0.005	0.71	3.44	0.05	0.05	0.05	0
0.06	2.21	0.001	3.53	0.002	0.88	0.64	1.26	0.83	0.77	0.77	0.09	11.38	1.68	0.004	31.6	2.75	0.09	0.24	0.08	0
0.02	9.6	0.05	2.15	0.06	0.05	0.03	0.55	1.27	0	0.61	0.087	17.21	0.7	0.009	6.12	0.61	0.09	0.04	0.05	0
0.02	26.06	0.02	0.76	0.05	0	0.08	0.08	0.29	0	0.96	0.167	15.05	0.26	0.002	2.43	5.8	0.06	0.06	0.06	0
3.03	13.84	0.01	3.92	0.005	7.81	0.41	1.97	0.61	0.52	0.52	0.095	13.32	1.74	0.005	48.78	2.95	0.01	0.12	0.02	0
0.02	8.09	0.06	0.36	0.05	0.04	0.08	0.05	0.95	0	0.62	0.021	10.39	0.17	0.005	3.29	5.31	0.08	0.01	0.07	0
0.1	6.36	0.01	2.74	0.03	0.48	0.06	0.33	0.22	0.31	0.008	0.163	11.01	1.1	0.007	3.68	0.27	0.04	0.02	0.06	0
0.07	5.72	0.01	0.29	0.02	0.06	0.02	0.05	1.32	0	0	0.103	14.4	1.69	0.01	0.39	5.29	0.06	0.09	0	0
0.01	18.92	0.4	2.43	0.11	6.32	0.57	0.07	0.44	0.84	0.84	0.001	12.03	2.47	0.003	13.31	7.31	0.02	0.44	0.05	0
0.04	22.56	0.05	0.84	0.02	0.25	0.01	0.72	0.09	0	0.003	0.166	16.59	0.15	0.009	1.41	3.35	0.01	0.03	0.09	0
0.03	9.19	0.03	0.15	0.01	0.04	0.08	0.1	0.29	0	0.78	0.185	12.75	0.48	0.006	3.05	0.76	0.03	0.06	0.04	0
3.52	23.19	0.03	2.69	0.006	4.94	0.76	1.85	1.24	0.75	0.75	0.124	1.91	1	0.008	24.84	3.19	0.08	0.37	0.06	1
0	7.23	0.03	1.46	0.007	3.61	0.26	1.86	0.42	0.15	0.003	0.115	5.58	1.97	0.005	17.72	6.36	0.06	0.27	0.06	1
0.08	22.42	0.02	2.12	0.01	0.04	0.04	0.1	1.33	0.05	0.001	0.166	11.59	0.03	0.006	3.62	0.06	0.07	0.06	0.08	0
4.02	9.59	0.9	4.26	0.05	6.79	0.12	1.44	0.63	0	0.004	0.162	16.51	1.85	0.003	21.68	7.28	0.02	0.24	0.02	0
0	18.86	0.07	1.1	0.08	0.48	0.08	0.67	1.26	0.38	0.007	0.105	18.85	1.67	0	0	0.04	0.08	0.03	0.02	0
0.06	16.72	0.01	1	0.01	0.01	0.01	0.06	0.85	0	0	0.124	13.16	0.1	0.001	11.98	0.05	0.08	0.01	0.05	0
2.96	23.6	0.02	3.32	0.001	6.53	0.9	0.8	0.63	0.48	0.007	0.112	9.87	1.43	0.001	44.08	2.24	0.03	0.3	0.05	0
0.08	21.63	0.01	0.35	0.04	0.12	0.08	0.01	0.71	0	0.85	0.079	0.21	0.11	0.005	3.79	0.49	0.05	0.06	0.01	0
0.1	9	0.04	0.32	0.02	0.37	0.08	0.04	0.28	0	0.53	0.182	18.6	0.19	0.009	0.08	0.83	0.08	0.06	0.09	0
0.01	16.67	0.08	0.81	0.02	0.22	0.08	0.88	0.12	0.87	0.87	0.143	13.48	1.73	0.009	3.62	0.44	0.07	0.04	0.02	0
0.02	8.99	0.08	0.1	0	0.01	0.04	0.99	1.12	0.02	0.006	0.004	17.01	0.61	0.007	1.24	0.8	0.02	0.05	0.01	0
0.09	14.39	0.02	0.73	0.08	5.44	0.19	0.04	0.95	1	1	0.001	18.05	2.01	0.008	6.07	3.83	0	0.49	0.09	0
0.05	0.13	0.03	0.16	0.03	0	0.02	0.04	1.19	0	0.003	0.13	4.22	0.96	0.009	0.37	0.21	0.07	0.06	0.06	1
0.08	14.26	0.05	0.48	0.09	0.24	0.02	1.3	0.95	1	1	0.133	17.98	1.87	0.008	2.17	1.18	0	0.06	0.09	0
3.98	27.2	0.23	1.2	0.03	8.13	0.83	1.63	0.67	0	0.008	0.143	6.44	1.32	0.008	10.37	4.45	0.02	0.17	0.03	0
0.08	9.17	0.05	1.46	0.008	0.14	0.44	1.43	1.35	0.27	0.004	0.026	7.13	1.97	0.009	9.71	6.8	0.07	0.34	0.06	0
1.7	8.98	0.31	3.52	0.01	0.72	0.83	0.17	0.05	0	0	0.054	16.86	1.28	0.007	32.64	6.78	0.08	0.34	0.02	0
0.07	4.73	0.02	0.39	0.05	0.2	0.05	1.44	0.58	0	0	0.066	1.21	1.37	0.003	0.01	0.49	0.05	0.06	0.02	0
0.07	17.56	0.06	0.55	0.07	0.11	0.07	1.37	1.39	0.27	0.002	0.108	4.13	1.9	0.002	7.57	0.07	0.01	0.03	0.04	0
0.06	0.24	0.07	0.81	0.07	0.16	0.09	1.3	1.06	0.55	0.55	0.1	3.34	1.58	0.007	1.89	3.11	0.02	0.09	0.04	0
0.05	12.53	0.48	3.25	0.05	1.16	0.18	0.02	0.27	0.08	0.006	0.131	12.5	1.89	0.001	54.01	6.15	0.02	0.42	0.05	0
3.6	25.94	0.53	2.07	0.12	0.09	0.34	0.37	1.29	0	0	0.122	12.88	1.08	0.007	6.99	2.73	0.04	0.03	0.08	0
4.27	5.39	0.04	2.91	0.006	6.5	0.21	1.54	0.82	0	0	0.145	7.01	1.57	0.003	14.92	5.87	0.02	0.21	0.07	1
0	5.45	0.02	2.79	0.008	5.64	0.29	0.67	0.25	0.74	0.74	0.169	6.98	1.39	0.001	41.33	3.08	0.06	0.49	0.02	0
0.07	2.59	0.06	0.26	0.06	0.06	0.03	0.1	0.14	0	0	0.155	6.41	2.12	0.01	3.96	1.05	0.02	0.04	0.02	0
1.49	20.33	0.04	0.72	0.001	7.21	0.55	0.4	1.09	0.65	0.65	0.14	2.98	1.06	0.005	15.26	6.08	0.08	0.48	0.04	1
0.58	4.76	0.62	2.44	0.03	1.87	0.26	1.28	0.99	0.42	0.002	0.001	4.01	1.12	0.005	19.48	5.69	0.02	0.28	0.06	0
0.02	25.46	0.05	0.87	0.09	0.1	0	0.01	0.15	0	0.72	0.013	8.83	0.26	0.008	0.13	2.06	0.06	0.09	0.09	0
0.06	15.54	0.01	0.95	0.1	0.1	0.04	0.04	0.35	0	0.89	0.165	2.73	0.39	0.007	6.16	0.95	0.09	0.04	0.08	0
2.39	19.8	0.93	3.3	0.01	4.58	0.26	0.08	0.34	0	0	0.146	8.72	1.56	0.006	42.76	2.41	0.09	0.12	0.05	0
0.05	6.83	0.03	0.83	0.04	0.4	0.02	0.02	1.14	0	0.001	0.033	2.76	0.16	0.001	0.25	0.4	0.08	0.06	0.05	0
0.04	26.67	0.76	0.41	0.05	7.86	0.15	1.65	0.08	0.51	0.51	0.025	14.59	1.82	0.002	3.58	4.41	0.08	0.34	0.06	0
3.34	24	0.71	3.68	0.12	4.06	0.56	0.92	1.09	0	0.75	0.085	6.69	1.5	0.009	55.25	1.78	0.05	0.42	0.01	0
0.19	27.2	0.66	1.5	0.04	1.76	0.88	0.08	1.33	0.37	0.003	0.077	17.73	2.21	0.007	32.78	5.13	0.05	0.2	0.06	0
2.74	16.83	0.03	3.51	0.002	4.73	0.41	0.66	0.4	0.25	0.003	0.144	7.36	1.56	0.01	56.08	2.73	0.09	0.45	0.04	0
0.06	13.53	0	0.02	0.05	0.07	0.03	0.02	0.99	0.05	0.003	0.078	15.07	0.48	0.006	0.7	5.69	0.07	0.02	0.01	0
1.13	12.27	0.02	1.05	0.006	7.43	0.66	1.63	0.27	0	0	0.166	0.02	1.03	0.003	30.52	0.24	0	0.06	0.05	1
0.01	23.69	0	1.63	0.03	0.06	0.05	1.35	1.03	0.04	0.007	0.067	13.95	0.52	0	1.98	0.76	0.05	0.02	0	0
0.04	0.41	0.02	0.86	0.05	0.04	0.02	1.21	0.32	0.01	0.004	0.021	1.41	1.09	0.002	3.5	1.54	0	0	0.02	0
0.07	28.1	0.04	0.25	0.01	0.2	0.01	1.38	0.63	0.97	0.97	0.017	3.83	1.39	0.004	0.44	0.29	0.04	0.01	0.06	0
0.09	14.71	0.09	0.7	0.06	0.34	0.04	0.69	1.06	0.89	0.89	0.061	1.85	0.82	0	4.75	0.12	0.01	0.06	0.06	0
0.01	2.08	0.08	0.63	0.07	0.27	0.09	1.6	0.16	0.02	0.003	0.178	16.75	0.61	0.002	1.96	3.12	0.03	0.07	0.01	0
0.08	14.84	0.02	1.52	0.004	5.19	0.18	0.69	1.06	0.89	0.89	0.061	1.6	1.27	0	50.99	5.22	0.01	0.21	0.06	0
0.02	28.76	0.08	0.77	0.03	0.05	0.01	0.03	0.43	0	0.94	0.07	3.72	0.88	0.003	4.88	1.11	0.07	0.01	0.06	0
0.02	15.62	0.02	3.18	0.002	1.28	0.52	1.64	0.86	0.64	0.64	0.032	10.07	1.74	0.006	54.15	6.46	0.03	0.35	0.06	0
0.04	18.06	0.04	2.22	0.008	6.92	0.61	1.95	0.48	0.13	0.001	0.095	14.52	1.39	0.002	25.83	4.2	0.09	0.08	0.03	0
0.06	7.96	0.05	0.97	0.06	0.03	0.07	0.98	0.23	0.93	0.93	0.164	5.3	1.77	0.007	3.71	0.6	0.06	0.08	0.05	0
0.25	5.5	0.18	2.32	0.06	1.4	0.62	1.88	0.33	0.13	0.007	0.021	18.93	1.81	0.007	54.24	2.84	0.1	0.24	0.08	0
0.07	22.27	0.03	0.67	0.05	0.03	0.07	0.96	1.41	0.99	0.99	0.13	11.43	1.33	0.001	0.13	1.31	0.01	0	0.03	0
0.01	16.78	0.78	0.93	0.13	5.18	0.74	0.02	0.19	0.76	0.76	0.001	4.69	1.34	0.008	3.56	3.65	0.03	0.38	0.08	0
0.13	19.15	0.36	4.09	0.08	5.4	0.64	0.05	0.4	0.74	0.74	0.012	13.6	2.13	0	51.84	5.77	0.06	0.46	0	0
0.04	19.06	0.06	0.1	0.09	0.03	0.1	1.38	0.13	0.36	0.002	0.117	18.84	1.2	0.001	6.69	0.58	0.08	0.05	0.01	0
0.06	17.18	0.97	3.6	0.01	3.88	0.14	0.39	0.1	0.15	0.002	0.033	16.63	1.74	0.008	41.32	3.01	0.06	0.18	0.04	0
0.08	9.86	0	0.89	0.05	0.34	0.08	0.08	0.54	0.2	0	0.147	9.51	1.72	0	1.8	5.34	0	0.02	0	0
0.06	1.08	0.06	0.92	0.06	0.69	0.09	0.4	1.41	0.82	0.82	0.023	8.86	0.76	0	0.05	2.33	0.09	0.07	0.02	0
0.27	28.71	0.02	1.12	0.002	3.48	0.78	1.59	1.01	0.3	0.008	0.052	0.29	1.75	0.004	27.89	4.96	0.08	0.27	0.08	0
1.25	5.54	0.04	1.33	0.004	5.47	0.72	1.05	0.15	0	0	0.154	12.44	1.33	0.006	51.38	0.02	0.06	0.45	0.01	0
1.55	11.3	0.02	3.14	0.007	7.52	0.03	0.1	1.38	0	0	0.033	7.43	1.55	0.007	19.77	2.42	0.09	0.26	0.02	1
0.01	14.34	0.1	0.32	0.07	0.12	0.02	1.28	0.87	0.9	0.9	0.024	13.96	0.45	0.008	0.27	0.01	0.06	0.09	0.02	0
0.22	29.16	0.72	3.49	0.03	7.09	0.41	0.09	0.71	0.84	0.84	0.001	9.15	1.92	0.004	18.74	2.21	0.08	0.19	0.01	0
0.09	21.66	0.43	3.23	0.12	0.93	0.59	0.08	1.19	0.7	0.7	0.157	11.16	1.4	0	34.14	6.7	0.04	0.42	0.02	0
1.25	21.3	0.14	1.61	0.04	6.68	0.82	1.97	0.85	0	0.56	0.096	18.98	1.56	0.003	14.19	6.2	0.02	0.21	0.03	0
0	2.78	0.08	0.73	0.05	0.27	0.08	0.01	1.17	0.43	0	0.091	14.95	1.02	0.009	12.74	0.54	0.03	0.04	0.04	0
4.13	0.59	0.02	3.91	0.001	1.77	0.34	0.04	0.61	0.21	0.001	0.089	9.19	1.07	0.004	38.32	3.97	0.04	0.32	0.06	1
0.04	17.87	0.06	0.03	0.04	0.11	0.08	0.04	0.95	0	0	0.16	12.47	1.33	0.002	0.06	0.15	0.05	0.06	0.04	0
0	23.08	0.06	2.59	0.1	0.79	0.8	1.39	0.66	0.7	0.7	0.126	9.33	1.39	0.003	9.43	0.72	0	0.33	0	0
0.05	17.33	0.02	0.48	0.08	0.06	0.07	0.04	0.05	0	0.009	0.111	15.01	0.48	0.006	4.15	2.51	0.05	0.08	0.03	0
0.09	28.4	0.59	3.96	0.01	3.99	0.63	0.09	1.37	0.31	0.002	0.197	14.15	1.2	0.005	16.29	2.13	0.09	0.05	0.03	0
0.01	11.14	0.06	1.84	0.1	0.03	0.09	0.91	0.65	0.51	0.51	0.023	16.27	1.63	0.006	3.56	4.42	0.03	0.07	0.03	0
0.09	5.85	0.05	0.14	0.06	0.01	0.03	0.03	0.15	0.09	0	0.165	16.08	1.5	0.003	2.16	2.47	0.01	0.04	0	0
0.01	2.82	0.06	0.52	0.1	0.08	0.06	0.08	0.03	0	0	0.061	14.56	1.64	0.003	5.14	5.06	0.09	0.02	0.04	0
0.04	2.22	0.05	0.59	0.08	0.45	0.07	0.1	0.33	0	0	0.16	5.85	1.39	0.003	3.99	4.33	0.02	0.06	0.07	0
0.07	0.97	0.02	0.64	0.05	0.06	0.01	0.31	1.29	0	0.56	0.026	17.62	0.95	0.002	0.36	0.75	0.02	0.07	0.08	0
2.3	11.54	0.49	3.76	0.03	5.86	0.64	0.4	0.27	0.42	0.008	0.062	4.77	1.58	0.009	15.48	7.76	0.06	0.03	0.09	0
0.08	23.16	0.09	1.64	0.05	0.03	0.04	0.15	0.52	0.45	0.008	0.025	18.71	0.85	0.009	1.39	5.83	0.09	0.06	0.04	0
0.08	0.1	0.01	2.76	0.06	0.1	0.09	0.04	0.61	0.21	0.001	0.089	9.19	1.07	0.004	1.04	0.37	0.04	0.06	0.06	0
0.27	24.27	0.44	0.8	0.06	5.31	0.36	0.08	0.63	0.59	0.59	0.146	3.02	1.44	0.008	45.12	1.68	0.07	0.37	0.07	0
0.07	17.68	0.06	0.69	0.09	0.41	0.07	0.05	1.28	0	0.93	0.184	10.89	0.49	0.003	2.96	4.51	0.09	0.06	0.09	0
0.09	11.43	0.01	1.04	0.001	6.81	0.87	0.92	1.2	0.2	0.002	0.01	18.55	1.93	0.002	22.43	4.58	0.01	0.2	0.04	0
0.06	25.62	0.24	3.84	0.11	6.66	0.89	0.08	1.27	0	0.001	0.117	13.78	1.94	0.005	26.87	4.06	0.1	0.33	0.03	0
0.04	0.28	0.02	1.71	0.003	5.17	0.86	1.96	0.84	0.37	0.006	0.007	3.65	1.35	0.01	48.75	5.48	0.1	0.15	0.01	0
0	10.9	0.07	0.28	0.09	0.29	0.06	0.07	0.81	0	0	0.066	5.51	1	0	8.74	5.73	0.07	0.02	0.02	0
0.04	5.04	0.06	0.3	0.03	0.16	0	0.66	0.59	0.65	0.65	0.194	14.03	1.53	0.008	2	5.25	0.09	0.03	0.04	0
0.05	25.05	0.01	1.98	0.06	0.09	0	1.58	0.15	0.72	0.72	0.013	8.83	1.22	0.008	1.86	1.62	0.06	0	0.09	0
0.02	7.47	0.001	2.26	0.001	3.41	0.43	1.22	0.33	0.23	0.001	0.151	1.67	1.8	0	53.36	2.61	0.1	0.38	0.02	0
0.01	15.71	0.05	0.9	0.07	0.04	0.08	1.64	0.61	0	1	0.038	11.56	0.46	0.006	0.1	2.07	0.02	0.01	0.08	0
0.04	17.79	0.48	3.86	0.12	3.04	0.33	0.06	1.49	0.13	0.007	0.001	16.1	1.75	0.009	16.81	7.47	0.06	0.2	0.02	0
0.07	19.23	0.66	2.06	0.1	2.66	0.42	0.38	0.47	0.04	0.007	0.176	19.08	1.95	0.008	8.15	7.17	0.06	0.45	0.02	0
0.09	27.17	0.03	0.6	0.05	0.24	0.06	0.47	1.02	0	0	0.02	19.07	0.27	0.007	8.51	0.81	0.07	0.01	0.08	0
0.02	26.9	0.01	1.75	0.08	0.09	0.05	1.69	0.98	0.28	0.004	0.181	5.92	1.79	0.008	2.5	1.51	0.07	0.01	0.01	0
4.57	25.84	0.01	3.04	0.002	2.78	0.72	0.46	1.41	0.08	0.006	0.049	9.64	1.43	0.006	36.57	4.55	0.03	0.19	0	0
0.02	23.8	0.08	0.71	0.05	0.14	0.08	1.43	0.63	0.59	0.59	0.146	3.24	0.85	0.008	5.85	0.32	0.07	0.05	0.07	0
2.11	17.03	0.02	0.88	0.009	7.78	0.88	1.15	0.34	0.85	0.85	0.065	17.86	1.53	0.003	19.4	1.14	0.1	0.4	0.01	1
0.07	23.73	0.05	0.46	0.05	0.03	0.1	0.09	0.01	0	0.95	0.006	0.67	0.12	0.01	10.46	1.71	0.04	0.07	0.08	0
0.03	3.16	0.08	1.07	0.09	0.15	0.08	1.2	1.45	0.49	0.001	0.091	13.66	1.66	0.001	1.43	0.14	0.04	0.05	0.09	0
1.44	19.86	0.26	4.1	0.07	6.85	0.24	1.23	0.35	0	0.89	0.12	18.3	1.28	0.01	46.04	3.62	0.07	0.23	0.03	0
0.07	1.34	0.02	1.99	0.005	4.02	0.15	1.43	0.68	0.42	0.005	0.108	16.61	1.58	0.001	36.04	2.6	0.04	0.2	0.01	0
0.02	15.42	0.1	2.03	0.04	0.1	0.03	1.35	1.24	0	0.006	0.193	18.01	0.64	0.001	8.13	0.82	0.09	0.07	0.05	0
0.06	26.45	0.01	3.95	0.001	7.89	0.55	1.62	1.48	0.99	0.99	0.162	1.6	1.38	0.003	49.62	7.87	0.02	0.31	0.04	0
0.39	23.54	0.001	2.29	0.007	7.06	0.4	1.19	0.52	0	0	0.057	13.75	1.41	0.005	52.36	3.1	0.07	0.31	0.08	0
0.04	23.32	0.03	0.97	0.1	0.05	0	1.76	0.74	0.32	0.002	0.048	12.08	0.1	0.004	0.4	0.77	0.07	0.08	0.01	0
3.29	14.1	0.01	2.39	0.006	4.36	0.36	1.6	0.15	0.91	0.91	0.01	14.1	1.53	0.006	30.49	2.96	0.04	0.33	0	1
0.05	27.95	0.07	2.87	0.07	0.24	0.07	0.52	0.22	0	0.69	0.064	13.53	0.56	0.004	2.9	5.62	0.03	0.04	0.07	0
0.08	1.34	0.02	1.82	0.005	3.95	0.8	1.99	0.48	0.33	0.001	0.05	17.88	1.28	0	22.76	6.66	0.09	0.16	0	0
0.28	12.16	0.92	4.29	0.12	3.68	0.47	0.13	1.29	0.82	0.82	0.072	12.83	1.51	0.006	26	1.45	0.02	0.31	0.04	0
0.05	26.22	0.03	2.86	0.008	7	0.63	1.65	0.5	0.09	0.006	0.18	3.63	1.39	0.001	53.06	4.28	0.08	0.03	0.07	0
0.07	19.64	0.07	0.56	0.05	0.07	0.07	1.93	0.23	0.42	0.006	0.195	13.79	1.15	0.001	0.1	4.54	0.09	0.07	0.08	0
0.05	10.01	0.82	0.8	0.09	5.23	0.44	0.08	0.9	0.95	0.95	0.014	17.77	1.29	0.007	22.63	6.55	0.1	0.19	0.04	0
0.04	25.67	0.06	0.82	0.02	0.74	0.01	1.62	1.48	0.99	0.99	0.162	1.97	0.06	0.003	4.6	0.12	0.02	0.09	0.04	0
0.1	23.14	0.06	1.21	0.08	0.21	0	0.37	0.49	0.14	0.007	0.185	11.24	1.89	0.01	7.07	0.96	0.06	0.05	0.02	0
0.01	26.23	0.001	2.78	0.008	2.97	0.32	1.87	1.16	0.43	0.009	0.121	12.65	1.63	0.005	55.65	6.05	0.07	0.36	0.08	0
0.05	17.54	0.01	3.92	0.002	5.68	0.28	0.77	1.4	0.7	0.7	0.115	14.19	1.39	0.005	8.04	5.95	0.07	0.47	0.07	0
0.09	12.11	0.08	1.64	0.1	0.02	0.08	1.64	0.86	0.64	0.64	0.032	11.02	1.79	0.006	1.12	4.42	0.03	0.03	0.06	0
3.56	26.72	0.67	1.95	0.07	3.35	0.83	0.84	0.33	0.89	0.89	0.048	13.29	2.43	0.006	24.42	3.93	0.06	0.41	0.08	0
0.1	0	0.07	1.25	0.05	0.09	0.04	0	1.31	0	0	0.065	16.1	0	0.003	0.55	2.89	0.05	0.08	0.09	1
0	9.99	0.03	0.42	0.1	0.06	0.09	0.41	0.24	0.61	0.61	0.127	16.14	0.59	0.006	0.32	0.95	0.07	0.06	0.03	0
0.01	0.12	0.04	0.07	0.02	0.56	0.03	0.08	0.36	0	0.007	0.187	4.2	0.38	0.002	11.18	1.23	0.06	0.03	0.06	0
0.07	22.07	0.03	0.46	0.001	7.22	0.73	1.05	1	0.25	0.007	0.109	1.92	1.07	0.001	39.4	0.49	0.04	0.47	0.05	0
0.07	22.55	0.05	0.86	0.01	0.06	0.08	1.82	0.02	0.22	0.008	0.017	14.69	0.7	0.001	9	0.01	0	0.09	0.06	0
0.09	28.93	0.04	0.84	0.09	0.23	0.04	0.84	0.62	0.8	0.8	0.093	10.81	1.5	0.004	2.08	0.03	0.03	0.04	0.02	0
0.04	24.82	0.04	1.21	0.08	0.05	0.05	1.96	1.32	0	0.85	0.192	14.27	0.52	0.002	3.18	1.72	0.09	0.03	0.09	0
0.05	16.68	0.93	1.59	0.08	8.09	0.89	1.94	0.63	0.75	0.75	0.109	9.7	1.26	0.008	5.99	1.01	0.02	0.26	0.02	0
1.94	15.8	0.04	2.29	0.007	2.07	0.81	0.13	0.8	0.69	0.69	0.104	8.26	1.41	0.004	41.18	3.4	0.09	0.26	0.05	0
0.72	11.42	0.02	2.35	0.008	5.76	0.6	1	0	0	0	0.169	5.45	1.56	0.001	57.99	1.05	0.1	0.24	0.02	0
0.02	4.97	0.09	0.04	0.03	0.01	0.05	0.41	1.22	0.29	0.006	0.101	16.82	1.29	0.001	1.96	4.93	0.07	0.04	0.05	0
0.1	28.08	0.56	0.74	0.09	2.2	0.65	0.62	0.44	0.31	0.002	0.136	12.43	1.26	0.004	33.26	2.12	0.09	0.37	0.02	0
0.01	23.32	0.04	0.63	0.09	0.37	0	0.37	0.49	0	0.007	0.185	11.83	0.18	0.01	0.49	2.13	0.06	0	0.02	0
1.09	2.07	0.02	3.01	0.002	3.03	0.25	0.39	0.76	0.15	0.004	0.082	14.87	1.58	0.01	41.01	2.82	0.02	0.45	0.01	1
0.05	8.4	0.02	2.84	0.02	0.2	0.04	0.07	1.16	0	0	0.156	0.65	1.57	0.01	2.75	4.28	0.09	0.07	0.08	0
0.05	24.12	0.05	3.59	0.006	5.42	0.31	1.53	0.33	0.8	0.8	0.164	6.92	1.53	0.006	0.13	4.62	0.05	0.07	0.06	0
0.03	7.17	0.08	1.42	0.02	0.11	0.06	0	0.33	0	0.001	0.151	1.67	0.07	0	7.48	0.54	0.1	0.09	0.02	0
0.09	1.78	0.09	1.84	0.03	0.06	0.1	0.66	0.4	0.25	0.003	0.144	7.53	1.6	0.01	4.06	0.82	0.09	0.03	0.04	0
0.34	2.07	0.04	2.46	0.007	1.33	0.32	0.94	0.26	0.28	0.009	0.023	10.78	1.37	0.003	22.9	4.23	0.06	0.03	0.04	0
2.34	13.19	0.34	4.44	0	7.35	0.13	1.42	0.7	0.11	0.001	0.053	14.49	1.46	0.008	36.58	1.72	0.1	0.03	0.06	0
1.41	17.44	0.66	3.07	0.05	2.22	0.3	0.27	0.61	0	0.65	0.137	7.84	2.27	0	10.52	0.41	0.02	0.2	0.06	0
2.68	9.02	0.04	3.98	0.002	0.22	0.09	0.54	0.14	0.27	0.004	0.069	8.43	1.84	0.007	21.79	2.91	0.08	0.43	0.09	1
0.05	9.17	0.04	0.38	0	0.47	0.01	0.68	0.79	0.23	0.002	0.014	6.83	1.32	0.009	0.62	1.57	0.01	0.02	0.02	0
0.01	23.71	0.05	0.55	0.1	0	0.09	1.92	1.42	0.67	0.67	0.194	1.02	0.7	0.004	2.76	0.96	0.01	0.06	0.09	0
0.02	15.23	0.05	0.09	0.09	0.11	0.06	0.08	1.44	0.34	0.004	0.172	0.88	1.9	0.01	5.39	0.29	0.05	0	0.08	0
4.69	22.41	0.78	3.29	0.09	6.61	0.41	1.44	0.58	0	0	0.191	10.36	2.22	0.008	22.31	6.53	0.02	0.21	0.08	0
0.66	5.54	0.35	4.83	0.13	8.34	0.49	0.47	0.89	0.78	0.78	0.038	2.12	1.43	0.009	3.26	3.71	0.02	0.36	0.06	0
0.1	12.45	0.11	1.99	0.11	3.14	0.05	0.04	0.11	0.41	0	0.003	1.7	1.54	0.004	36.84	0.16	0.05	0.17	0.09	0
2.9	28.45	0.67	1.7	0.11	2.91	0.6	0.42	1.13	0	0	0.053	13.27	1.77	0.006	49.69	1.29	0.08	0.12	0.04	0
0.03	28.45	0.66	1.76	0.02	3.1	0.6	0.42	1.13	0.05	0.004	0.053	12.55	1.62	0.006	50.53	1.29	0.08	0.12	0.04	0
0.05	29.68	0.03	2.86	0.006	4.54	0.72	0.14	1.42	1	1	0.082	11.3	1.46	0.006	33.09	4.96	0	0.16	0.05	0
0.09	6.17	0.01	1.54	0.03	0.04	0.07	0.05	0.01	0	0	0.101	15.99	1.64	0.007	0.59	6	0.01	0.06	0.04	0
0.09	14.27	0.08	0.8	0	0.44	0.01	0.98	0.77	0.52	0.52	0.185	17.51	1.63	0.009	11.79	1.25	0.1	0.1	0.06	0
0.14	28.42	0.03	3.01	0.003	0.57	0.32	0.29	0.67	0.65	0.65	0.155	10.7	1.84	0.01	27.31	5.15	0.04	0.32	0.07	0
0.01	16.68	0.01	0.06	0.09	0.07	0	0.02	1.32	0	0.99	0.087	2.5	0.41	0.003	0.08	0.07	0.08	0.01	0.03	0
0.03	0.91	0.05	0.32	0	0.06	0	0.05	0.04	0.13	0	0.074	16.88	1.72	0.008	8.97	7.15	0.09	0.08	0	0
0.03	27.51	0.1	0.67	0	0.15	0.1	0.62	0.44	0.31	0.002	0.136	12.26	1.1	0.004	0.86	1.56	0.09	0.02	0.02	0
0.02	2.59	0.04	3.81	0.003	1.63	0.58	1.35	1.06	0.22	0.007	0.069	11.78	1.55	0.005	32.91	2.78	0.07	0.16	0.03	0
0.09	12.31	0.05	0.21	0.05	0.18	0.07	0.11	0.11	0.41	0	0.003	1.68	1.27	0.004	0.52	0.59	0.05	0.01	0.09	0
0.02	18.17	0.04	0.55	0	0.08	0.03	1.56	1.15	0	0	0.044	13.3	1.51	0.004	0.5	2.11	0.04	0.01	0.03	0
0.17	29.47	0.01	2.8	0.007	4.9	0.82	1.76	0.33	0.17	0	0.126	4.57	1.6	0.008	47.65	3.18	0.05	0.12	0.08	0
3.62	2.31	0.03	3.99	0.001	4.4	0.53	1	1.33	0	0	0.031	12.3	1.87	0.009	8.76	3.93	0.09	0.43	0.03	1
0.05	14.04	0.03	2.13	0.04	0.02	0.07	0.4	0.88	0.59	0.59	0.118	6.61	1.71	0.003	3.11	0.96	0.02	0.08	0.06	0
0.09	23.7	0.01	0.9	0.05	0.09	0.09	0.09	1.47	0.14	0	0.065	18.37	1.3	0.009	4.64	0.43	0.04	0.08	0.06	0
0.09	22.78	0.03	2.44	0.08	0.05	0.06	1.17	0.27	0.26	0.005	0.013	18.6	1.25	0.001	2.55	0.58	0.02	0.1	0.08	0
0.1	25.5	0.01	2.64	0.009	7.55	0.8	0.99	0.36	0.34	0.007	0.114	7.65	1.3	0.001	44.98	7.04	0.02	0.09	0	0
0.08	2.1	0.05	2.69	0.009	3.47	0.4	1.71	1.4	0.95	0.95	0.025	9.35	1.76	0.007	13.09	6.07	0.04	0.19	0.08	0
0.09	22.38	0.06	1.46	0.01	0.03	0.05	0.08	0.09	0	0.003	0.166	16.54	0.04	0.009	4.62	0.57	0.01	0.04	0.09	0
0.08	21.17	0.06	0.84	0.06	0.21	0.02	0.75	0.34	0.98	0.98	0.104	16.47	1.91	0.009	0.12	0.53	0.06	0.06	0.08	0
0.03	19.85	0.01	0.58	0.05	0.14	0.02	0.07	1.26	0	0.005	0.162	0.49	0.23	0.008	1.76	0.55	0.05	0.09	0.05	0
0.06	23.94	0.05	0.98	0.07	0.3	0.04	0.06	0.9	0	0.98	0.002	7.37	0.32	0.001	3.08	0.41	0.03	0.07	0.04	0
0.07	2.97	0.2	3.43	0.04	3.62	0.13	1.22	0.46	0.37	0.004	0.105	9.54	1.2	0.005	28.04	5.64	0.09	0.15	0.08	0
0.08	0.78	0.01	0.71	0.06	0.51	0.05	0.07	0.46	0.22	0	0.165	6.24	2.18	0.002	6.95	0	0.05	0.05	0.06	0
0.05	26.61	0.1	0.91	0.05	0.08	0.06	1.24	0.14	0.51	0.51	0.032	18.58	1.42	0	2.54	0.05	0.03	0.07	0.01	0
0.09	9.18	0.06	0.89	0.07	0.01	0.09	1.89	1.18	0	0.75	0.092	7.95	0	0.002	5.06	0.85	0.07	0.01	0.07	0
0.05	13.8	0.03	1.56	0.07	0.04	0.09	0.04	1.43	0	0.84	0.081	11.15	0.92	0.004	6.81	1.86	0.08	0.03	0.07	0
0.06	26.03	0.04	0.06	0	0.03	0	1.42	1.29	0	0.002	0.01	2.83	0.59	0.004	1.2	0.32	0.08	0.08	0.07	0
0.05	8.9	0.07	0.38	0.09	0.06	0.06	0.01	1.32	0	0.59	0.118	9.2	0.84	0.005	0.13	0.97	0.04	0.07	0.06	0
0.04	12.42	0.76	2.09	0.01	7.18	0.3	0.08	0.21	0.54	0.54	0.097	17.83	1.78	0.009	34.26	3.17	0.05	0.26	0.05	0
0.06	12.44	0.04	0.24	0.05	0.13	0.07	1.75	0.3	0	0	0.166	10.38	1.95	0.006	12.17	5.63	0.06	0.08	0.02	0
0.1	2.73	0.08	0.53	0.02	0.06	0.09	1.08	0.15	0.23	0.007	0.184	2.67	1.21	0.001	1.36	0.99	0	0.04	0.05	0
0.09	4.16	0.06	0.33	0.04	0.03	0.02	1.32	0.76	0	0.004	0.128	14.79	0.26	0.002	3.06	0.89	0.05	0.04	0.02	0
0.05	26.81	0.02	0.93	0.01	0	0	0.71	0.99	0.75	0.75	0.071	1.09	1.41	0.002	4.81	0.12	0	0.07	0.05	0
0.52	26.67	0.79	0.37	0.03	7.45	0.15	1.65	0.08	0	0	0.025	14.16	2.08	0.002	3.75	4.41	0.08	0.34	0.06	0
0.01	2.01	0.1	0.5	0.06	0.03	0.02	0.08	0.63	0.59	0	0.146	3.22	1.5	0.008	1.77	1.68	0.07	0.05	0.07	0
0.23	7.61	0.01	3.62	0.003	3.54	0.45	0.91	1.26	0.74	0.74	0.16	15.37	1.08	0.004	38.53	1.56	0.01	0.16	0.08	0
0.03	10.66	0.03	1.65	0.06	0.09	0.05	0.4	0.27	0.42	0.008	0.062	4.46	1.26	0.009	3.83	5.87	0.06	0.03	0.09	0
0.19	28.7	0.28	3.32	0.08	6.98	0.1	1.86	1.05	0.58	0.58	0.006	6.1	1.31	0.003	42.79	6.14	0.04	0.19	0.01	0
0.04	3.8	0.05	0.77	0.1	0.04	0	0.89	0.61	0.01	0.001	0.117	11.98	1.11	0.004	0.2	1.41	0.02	0.03	0.06	0
0.18	16.78	0.001	1.4	0.002	7.85	0.89	1.94	0.63	0.75	0.75	0.109	9.21	1.03	0.008	57.96	1.01	0.02	0.26	0.02	0
0.05	8.94	0.03	0.14	0.07	0.06	0.02	1.57	1.25	0	0	0.194	11.88	1.27	0.01	0.3	1.13	0.03	0.03	0.03	0
0.06	12.19	0.07	1.61	0	0.35	0.03	0.07	0.01	0	0.75	0.153	4.86	0.69	0.004	4.28	0.24	0.01	0	0.07	0
0.05	3.46	0.03	0.09	0.06	0.17	0.05	0.9	0.55	0	0.002	0.135	5.64	0.93	0.004	0.25	5.16	0.04	0.05	0.04	0
0.07	4.73	0.03	0.22	0.01	0.01	0.09	1.32	0.65	0	0.95	0.148	9.7	0.71	0	0.3	0.05	0	0.06	0.09	0
0.09	23.46	0	1.9	0.02	0.48	0.09	1.56	0.21	0	0.73	0.111	4.39	0.15	0.001	4.86	2.61	0.09	0.08	0.04	0
0.05	6.81	0.01	0.52	0.06	0.22	0	0.77	0.76	0.51	0.51	0.086	10.72	1.18	0	1.25	2.66	0.02	0	0.08	0
0.08	9.89	0.03	0.12	0.1	0.05	0.06	0.73	1.06	0.69	0.69	0.011	9.26	0.6	0.007	3.89	0.59	0.02	0.07	0.08	0
0.03	23.78	0.42	4.64	0.04	3.45	0.84	1	1.38	0.68	0.68	0.198	16.4	2.19	0.008	36.93	4.54	0.06	0.09	0.07	0
0.06	18.24	0.09	0.73	0.03	0.01	0.06	0.85	1.01	0.19	0.008	0.045	2.09	1.22	0.005	5.94	0.89	0.01	0.03	0.01	0
0.07	1.91	0.04	2.84	0.08	0.28	0.07	1.79	0.59	0.25	0.008	0.03	12.8	1.68	0.006	2.64	0.81	0.08	0.07	0.04	0
0.39	28.28	0.44	1.74	0.12	5.14	0.05	0.03	1.29	0.43	0.006	0.108	9.9	1.86	0.004	29.06	2.12	0.07	0.07	0.01	1
0.04	25.97	0.04	0.42	0.08	0.38	0.07	1.34	0.29	0.96	0.96	0.167	15.65	2.02	0.002	4.55	2.7	0.06	0.08	0.06	0
3.57	25.28	0.03	1.03	0.006	5.42	0.76	0.15	1.19	0	0	0.032	15.36	1.24	0.005	30.22	5.57	0.09	0.02	0.06	0
0.03	25.13	0.03	1.05	0.001	3.58	0.7	1.89	0.7	0.77	0.77	0.172	14.48	1.13	0.004	41.01	4.23	0.02	0.47	0.05	0
0.07	11.01	0	0.42	0	0.03	0.04	1.04	1.39	0.07	0.006	0.176	3.45	1.15	0.008	5.09	1.69	0.03	0.07	0.05	0
0.04	0.26	0.08	1.58	0.08	0.01	0.08	1.76	0.74	0	0	0.048	12.2	2.16	0.004	2.93	0.42	0.07	0.03	0.01	0
0.04	26.64	0.02	2.29	0.005	0.7	0.17	1.57	0.11	0.52	0.52	0.018	7.49	1.95	0.001	2.72	0.35	0.08	0.22	0.05	0
3.57	28.81	0.04	1.16	0.002	0.63	0.66	1.8	0.55	0	0	0.097	14.75	1.63	0.004	6.85	1.57	0.08	0.13	0.07	1
2.45	27.89	0.02	3.25	0.004	3.35	0.77	1.99	0.22	0.25	0.008	0.085	3.29	1.88	0.008	15.08	2.35	0.09	0.09	0.03	1
0.03	10.55	0.04	1.24	0.003	6.78	0.37	1.84	0.22	0.13	0.004	0.035	5.03	1.15	0.002	13.14	7.54	0	0.47	0.06	0
0.05	0.33	0.04	2.67	0.07	0.04	0.06	1.3	0.5	0.1	0.008	0.036	2.5	1.86	0.008	0.34	0.07	0.01	0.06	0.02	0
0.07	16.54	0.06	1.39	0.1	0.09	0.1	1.82	0.56	0.95	0.95	0.154	17.24	0.07	0.004	2.79	0.25	0.07	0.09	0.05	0
0	0.99	0.03	0.01	0.09	0.05	0.04	0.01	1.48	0	0	0.183	4.25	1.72	0.005	11.24	7.7	0.06	0.03	0.08	0
1.19	8.79	0.08	3.48	0.12	0.95	0.46	0.1	0.01	0.92	0.92	0.101	15.77	1.5	0.007	4.98	6	0.01	0.01	0.04	0
0.05	0.07	0.09	0.78	0.1	0.06	0.09	0.94	0.26	0.28	0.009	0.023	11.11	1.43	0.003	7.44	2.43	0.06	0.09	0.04	0
1.14	1.97	0.31	3.45	0.1	3.44	0.25	0.39	0.76	0	0.004	0.082	15.67	1.92	0.01	3.35	2.82	0.02	0.45	0.01	0
0.01	9.74	0.001	1.34	0.002	2.83	0.48	0.42	1.2	0.36	0.008	0.056	7.05	1.34	0.006	36.49	3.92	0.06	0.1	0.02	1
0.09	0.83	0.04	0.08	0.03	0.06	0.07	0.04	1.35	0.05	0.008	0.059	6.74	0.91	0.003	8.68	0.25	0.03	0.01	0.03	0
0.07	15.64	0.01	0.88	0.01	0.03	0.09	0.25	0.11	0	0.71	0.09	1.39	0.58	0.004	5.36	0.06	0.06	0.1	0.03	0
0.15	3.96	0.57	1.18	0.02	5.58	0.2	0.89	0.61	0.01	0.001	0.117	12.89	2.09	0.004	29.57	2.41	0.02	0.3	0.06	0
0.04	18.16	0.08	0.26	0.04	0.12	0.08	0.05	1.34	0	0.72	0.17	16.32	0.85	0.006	0.88	1.87	0.08	0.01	0.08	0
2.97	12.27	0.45	2.85	0.12	4.99	0.66	1.5	0.68	0	0.8	0.193	11.09	1.84	0.006	27.39	7.67	0.1	0.39	0.04	0
0.1	16.49	0.05	0.68	0.09	0.12	0.02	0.1	0.15	0	0.62	0.106	6.94	0.46	0.001	1.95	0.13	0.02	0.08	0.07	0
0.17	14.34	0.53	0.21	0.02	7.68	0.71	0.67	0.73	0.92	0.92	0.057	6.91	1.59	0.009	25.48	7.19	0.09	0.2	0	0
0.1	0.3	0.01	0.2	0.06	0.17	0.02	0.01	0.74	0	0	0.008	2.55	2.16	0.001	2.12	4.13	0	0	0.04	0
0.07	9.24	0.57	3.93	0.11	1.18	0.56	0.03	0.99	0.43	0.006	0.001	9.25	1.86	0.006	13.35	4.28	0.02	0.05	0.02	1
0.06	1.61	0.09	0.4	0.1	0.5	0.04	1.25	0.29	0	0.78	0.112	2.75	0.46	0.006	0.29	2.17	0.07	0.08	0.06	0
1.71	2.24	0.25	2.87	0.06	5.21	0.55	0.88	1.45	0	0	0.067	13.62	2.07	0.007	4.62	5.78	0.04	0.26	0.01	0
0.09	0.8	0.94	2.19	0.1	3.18	0.14	0.04	0.16	0.89	0.89	0.001	6.7	1.79	0.003	21.41	6.42	0.03	0.33	0.08	0
0.05	17.63	0.001	0.48	0.001	2.03	0.23	1.37	1.39	0.27	0.002	0.108	4.13	1.9	0.002	46.79	2.56	0.01	0.36	0.04	0
0.01	24.65	0.07	1.68	0.07	0.55	0.02	0.93	0.62	0.35	0.004	0.198	9.54	0.91	0.001	0.73	0.01	0.06	0.03	0	0
0.23	1.28	0.35	3.66	0.02	3.11	0.39	0.02	0.13	0.93	0.93	0.001	4.49	1.49	0	19.69	0.16	0.07	0.27	0.01	0
0.03	7.48	0.03	0.83	0.004	3.03	0.36	0.55	1.14	0.26	0.006	0.18	15.86	1.83	0.01	48.83	7.79	0.08	0.13	0.01	0
0.03	4.39	0.05	0.79	0.05	0.12	0.05	1.93	0.45	0	0.63	0.124	4.41	0.78	0.007	2.17	2.79	0.05	0.08	0.02	0
0.06	25.18	0.04	0.04	0.001	5.1	0.86	1.23	0.52	0.62	0.62	0.022	12.63	1.93	0.003	1.19	7.79	0.04	0.43	0.01	0
0.06	17.95	0.07	0.85	0.07	0.06	0.07	0.16	0.23	0.44	0.007	0.093	7.08	1.66	0.004	0.13	6.15	0.05	0.01	0.05	0
0.03	23.61	0.59	2.24	0.06	1.72	0.49	0.09	1.47	0.14	0	0.065	19.21	1.46	0.009	14.91	3.87	0.04	0.37	0.06	0
4.36	9.84	0.02	1.53	0.008	6.81	0.87	0.6	0.03	0.1	0.001	0.137	13.43	1.64	0.001	26.88	0.99	0	0.07	0.05	1
0.03	25.43	0.79	3.64	0.11	7.98	0.51	0.09	0.62	0.35	0.004	0.198	8.71	1.67	0.001	26.8	4	0.06	0.11	0	0
0.09	5.33	0.3	2.62	0.01	4.24	0.7	1.51	0.89	0.55	0.55	0.164	9.35	1.65	0.001	15.01	0.25	0.08	0.01	0.09	0
0.06	6.55	0.09	1.63	0.02	0.15	0.09	0.08	0.53	0	0.62	0.188	5.05	0.04	0.009	2.75	0.84	0.07	0.01	0.08	0
0.05	24.07	0.05	2.76	0.003	4.4	0.09	0.37	0.49	0.14	0.007	0.185	11.24	1.89	0.01	47.29	4.85	0.06	0.18	0.02	0
0.03	8.99	0.09	0.52	0.09	0	0.07	0.58	1.32	0.59	0.59	0.118	9.21	0.93	0.005	1.32	0.3	0.04	0.02	0.06	0
3.93	19.87	0.04	0.66	0.001	6.22	0.1	1.86	0.86	0.16	0.005	0.197	13.65	1.81	0.001	53.35	7.24	0.08	0.08	0.07	0
1.54	20.23	0.75	1.24	0.1	7.39	0.55	0.4	1.09	0	0.65	0.14	3.58	1.31	0.005	29.51	6.08	0.08	0.48	0.04	0
0.05	24.15	0.26	2.7	0.12	5.92	0.89	0.05	0.52	0.45	0.008	0.025	18.38	1.29	0.009	8.14	7.12	0.09	0.26	0.04	0
0.09	3.15	0.03	1.71	0.002	3.51	0.36	0.2	0.64	0.18	0.007	0.132	4.17	1.85	0.004	15.84	5.81	0.06	0.34	0.04	0
0.05	22.29	0.01	0.95	0.05	0.06	0.07	1.26	0.59	0.75	0.75	0.011	4.22	0.77	0.01	3.74	0.27	0.02	0.08	0.06	0
0.04	0.11	0.07	0.3	0.01	0.04	0.03	0.88	1.45	0.58	0.58	0.067	13	1.31	0.007	0.8	4.93	0.04	0.08	0.01	0
0.01	3.73	0.05	3.38	0.005	4.01	0.78	1.18	1.41	0.63	0.63	0.128	8.99	1.43	0.01	38.03	2.77	0.02	0.05	0.06	0
0.06	4.56	0.07	1.74	0.05	0.18	0.05	1.38	1.39	0	0.87	0.047	2.86	0.44	0.001	3.19	1	0.09	0	0.08	0
3.06	13.74	0.16	4.54	0.1	3.57	0.46	0.73	1.43	0	0.84	0.001	11.67	1.83	0.004	5.06	4.26	0.08	0.26	0.07	0
0.02	27.36	0.09	0.25	0.08	0.48	0	0.01	0.96	0	0.84	0.188	16.8	0.97	0.001	1.59	0.55	0.04	0.08	0.02	0
0.01	13.74	0.02	0.52	0.007	2.99	0.11	1.14	0.36	0.13	0.008	0.071	18.7	1.25	0.004	39.31	2.18	0.04	0.01	0.02	1
0.05	16.48	0.01	0.03	0.01	0.34	0.09	0.58	0.54	0.2	0.005	0.147	8.51	1.67	0	4.86	2.93	0	0.06	0	0
0.05	14.93	0.77	3.69	0.12	6.85	0.48	0.06	1.43	0.63	0.63	0.001	7.39	1.18	0.005	32.34	5.59	0.05	0.08	0.05	0
4.08	25.44	0.84	1.02	0.11	2.12	0.32	1.1	0.22	0	0.005	0.192	18.36	1.5	0.009	2.26	2.08	0.06	0.11	0.05	0
0.02	5.24	0.05	0.77	0.02	0.57	0.04	0.03	0.15	0	0	0.085	19.41	1	0.001	1.68	3.55	0.05	0.07	0.07	1
0.02	17.22	0.19	1.69	0.08	4.94	0.29	0.07	1.43	0.16	0.009	0.075	13.84	1.09	0.002	37.26	3.34	0	0.07	0.02	1
0.02	1.16	0.01	0.45	0.05	0.37	0.08	0.07	1.39	0	0.75	0.064	5.43	0.55	0.009	1.24	1.39	0.09	0.03	0.06	0
1.79	19.79	0.66	1.46	0.05	5.65	0.44	1.75	0.3	0.56	0.56	0.166	9.73	1.9	0.006	54.9	7.55	0.06	0.1	0.02	0
0.02	19.81	0.09	0.55	0.01	0.3	0.07	1.89	0.7	0.77	0.77	0.172	15.4	1.9	0.004	0.5	3.63	0.02	0.06	0.05	0
0.05	25.68	0.06	0.86	0.08	0.06	0.04	0.05	1.43	0	0.92	0.04	4.95	0.7	0.007	6.96	0.9	0.01	0.06	0.01	0
0.02	4.51	0.4	1.12	0.03	7.82	0.62	0.05	1.31	0.13	0.009	0.068	13.92	1.47	0	47.56	7.18	0.08	0.2	0.03	0
0.04	10.02	0.02	0.34	0.07	0.35	0	0.77	0.79	0.37	0.001	0.147	1.54	2.05	0.006	3.59	0.77	0.02	0.04	0.06	0
0.01	8.37	0.09	0.61	0.07	0.25	0.05	0.09	0.03	0	0.6	0.193	10.52	0.15	0.003	2.84	0.93	0.01	0.04	0.04	0
1.57	29.13	0.18	2.37	0.03	4.12	0.46	0.01	1.28	0	0.77	0.144	2.17	2.33	0.002	26.73	2.27	0.02	0.25	0.07	0
0.1	26.55	0.02	0.65	0	0.44	0.02	1.58	1.21	0.73	0.73	0.104	4.52	0.04	0.009	5.49	0.91	0.1	0.09	0.01	0
0.08	28.8	0.01	3.09	0.003	6.37	0.1	1.86	1.05	0.58	0.58	0.006	6.03	1.31	0.003	24.09	6.14	0.04	0.19	0.01	0
0.01	1.91	0.01	0.27	0.1	0.01	0.07	0.02	0.76	0	0.57	0.155	7.89	0.98	0.002	11.09	0.88	0.1	0.09	0.08	0
2.83	22.35	0.04	1.33	0.004	4.06	0.42	0.38	1.11	0.93	0.93	0.097	9.22	1.93	0.002	52.16	4.4	0.02	0.45	0.05	0
0.13	12.22	0.58	4.18	0.1	4	0.07	1.89	0.17	0.66	0.66	0.124	16.63	2.02	0.009	19.98	3.75	0.07	0.32	0.02	0
0.08	10.52	0	0.63	0.04	0.01	0.08	0.06	1.46	0	0	0.136	17.03	1.67	0.007	0.36	5.67	0.06	0.04	0.08	0
0.19	1.96	1	2.39	0.07	4.67	0.35	0.08	1.47	0.9	0.9	0.097	2.86	1.33	0.003	58.27	7.8	0.01	0.11	0.01	0
0.03	8.41	0	0.61	0.01	0.08	0.03	0.83	0.48	0.43	0.003	0.124	1.78	1.99	0.003	7.22	0.15	0.06	0.03	0.03	0
0.01	21.92	0.02	0.72	0.004	2.12	0	1.47	1.24	0.83	0.83	0.026	0.66	1.49	0.009	3.98	6.65	0.1	0.18	0.09	0
2.64	27.44	0.38	1.38	0.09	7.28	0.38	1.24	0.14	0	0	0.032	19.58	1.59	0	42.92	1.74	0.03	0.15	0.01	0
0.09	14.22	0.06	0.69	0.08	0.08	0.1	0.05	0.37	0	0.98	0.156	10.15	0.19	0.008	3.01	2.31	0.05	0.1	0	0
3.76	15.08	0.52	3.31	0.04	0.12	0.54	0.59	0.54	0	0	0.124	17.73	1.51	0.002	27.71	7.03	0.03	0.08	0	0
0.05	16.05	0.01	0.29	0.006	5.07	0.19	1.64	0.61	1	1	0.038	11.26	1.49	0.006	45.26	4.33	0.02	0.28	0.08	0
2.08	23.05	0.01	2.61	0.009	4.03	0.59	1.34	0.5	0.86	0.86	0.087	13.34	1.37	0.007	53.34	5.65	0.01	0.37	0.05	0
0.03	10.65	0.02	0.85	0.06	0.64	0.04	1.13	0.24	0	0.59	0.051	5.65	0.68	0.004	0.46	4.83	0	0	0.08	0
3.52	15.74	0.99	0.83	0.12	5.61	0.47	1.08	1.43	0	0	0.08	2.01	1.35	0.008	20.31	6.89	0.06	0.12	0.08	0
0.1	7.51	0.34	4.54	0.06	3.8	0.45	0.01	1.26	0.74	0.74	0.16	15.76	1.29	0.004	33.48	1.56	0.01	0.16	0.08	0
0.04	0.96	0.06	1.49	0.01	0.07	0.06	1.15	0.25	0.04	0.003	0.135	2.44	1.88	0.01	9.22	0.47	0.09	0.1	0.02	0
2.07	27.55	0.68	3.11	0.09	4.74	0.41	0.78	0.33	0	0.5	0.18	17.14	1.94	0.002	55.91	3.48	0	0.42	0.02	0
0.66	8.61	0.94	3.39	0.08	7.38	0.43	0.7	0.8	0	0	0.1	19.36	2.2	0.001	41.47	5.96	0.05	0.08	0	0
3.16	17.6	0.1	3.71	0.06	1.41	0.29	1.38	1.48	0.67	0.67	0.08	18.03	2.14	0.002	15.14	3.93	0.07	0.31	0.08	0
0.02	0.62	0.03	1.35	0.1	0.09	0.08	0.06	0.14	0.66	0.66	0.144	0.97	1.69	0.006	3.92	0.98	0.02	0.05	0.05	0
2.17	22.04	0.05	3.98	0.003	4.27	0.38	0.16	0.12	0	0	0.026	4.85	1.85	0.007	16.62	7.46	0.07	0.3	0	1
0.02	15.44	0.1	0.5	0.03	0.11	0.05	0.08	0.03	0	0.73	0.138	15.13	0.29	0.002	2.16	2.24	0.03	0.05	0.07	0
2.93	15.34	0.01	2.39	0.008	1.65	0.25	1.12	1.15	0	0	0.121	2.47	1.38	0.003	15.13	7.55	0.1	0.01	0.03	1
0.04	1.21	0.09	1.79	0.04	2.24	0.55	0.05	1.46	0.88	0.88	0.001	17.38	1.16	0.006	26.8	2.62	0.04	0.38	0.05	0
0.02	17.32	0.07	0.26	0.09	0.13	0.09	0.59	0.05	0.2	0.001	0.168	7.46	0.83	0.008	11.55	0.56	0.04	0.05	0.08	0
0.1	21.24	0.05	3.86	0.008	2.49	0.51	1.06	0.1	0.84	0.84	0.139	15.88	1.25	0.001	55.98	4.87	0.08	0.02	0.07	0
2.96	13.71	0.27	1.58	0.08	5.17	0.47	1.21	1.09	0	0.77	0.158	2.6	1.78	0.004	1.19	0.89	0.05	0.04	0.08	0
3.44	13.83	0.05	3.92	0.001	4.18	0.12	0.48	1.48	0.06	0.001	0.117	3.19	1.39	0.004	42.49	7.07	0.06	0.38	0.09	0
0	19.9	0.01	3.09	0.02	0.18	0.06	0.79	0.59	0	0.007	0.024	3.62	0.91	0.002	2.88	6	0.06	0.09	0.09	0
0	10.19	0.06	0.09	0.09	0.05	0.04	1.05	0.96	0	0.008	0.049	2.31	0.45	0.001	4.74	0.4	0.01	0.02	0.05	1
0.04	19.53	0.01	2.47	0.08	0.23	0.08	1.16	0.4	0	0.002	0.09	6.18	1.78	0.01	3.84	4.42	0.1	0.03	0.04	0
0.03	26.82	0	0.06	0.08	0.03	0.08	0.02	0.99	0	0.75	0.071	0.31	0.04	0.002	12.15	0.82	0	0.04	0.05	0
0.02	11.17	0.1	0.04	0.09	0.06	0.03	0.01	0.54	0	0	0.181	12.69	0.49	0.005	0.59	0.99	0.03	0.07	0	0
0.02	21.85	0.08	1.67	0.1	0.06	0.08	1.68	0.48	0.62	0.62	0.147	17.79	1.49	0.004	7.12	0.87	0.1	0.01	0.02	0
3.73	6.59	0.02	2.24	0.001	7.42	0.23	0.3	1.02	0	0	0.032	10.94	1.64	0.004	15.32	1.35	0.07	0.35	0.02	1
0.02	28.33	0	2.93	0.07	0.09	0.02	1.47	1.37	0.31	0.002	0.197	13.53	1.09	0.005	1.23	0.48	0.09	0.06	0.03	0
0.09	9.71	0.09	0.98	0.07	0.56	0	0.01	0.96	0	0.008	0.049	1.61	0.84	0.001	0.52	0.17	0.01	0.07	0.05	1
0.09	13.42	0.01	0.86	0	0.01	0.07	1.57	0.13	0.59	0.59	0.086	10.74	0.41	0.009	4.22	0.76	0.06	0.01	0.07	0
0.03	25.44	0.05	0.18	0.04	0.09	0.01	0.53	0.88	0.93	0.93	0.076	15.09	0.81	0.009	3.09	0.02	0.05	0.06	0.05	0
0.1	18.66	0.01	0.22	0	0	0.05	0.18	0.13	0	0.79	0.132	9.78	0.27	0.006	1.94	2.17	0	0.08	0.06	0
2.94	26.76	0.38	0.81	0.01	2.75	0.62	0.28	1.11	0	0.008	0.052	1.03	1.64	0.008	1.28	4.54	0.06	0.48	0.02	0
0.04	9.59	0.09	0.03	0.07	0.18	0.1	0.01	0.56	0.43	0.002	0.185	15.38	1.24	0.003	3.85	0.95	0.05	0.07	0.08	0
3.08	13.74	0.84	3.99	0.01	7.87	0.41	1.97	0.61	0	0	0.095	13.71	1.97	0.005	56.03	2.95	0.01	0.12	0.02	0
0.05	3.72	0.06	0.27	0.09	0.37	0.03	1.89	1.36	0.82	0.82	0.17	13.6	0.26	0.006	2.35	0.03	0.02	0.07	0.06	0
0.01	22.32	0.01	0.14	0.05	0.21	0.07	0.4	0.88	0	0.59	0.118	6.73	0.96	0.003	0.4	0.47	0.02	0.06	0.06	0
0.04	0.17	0.01	0.49	0	0.04	0.08	0.2	0.64	0	0	0.132	4.71	2.09	0.004	1.17	2.26	0.06	0.08	0.04	0
0.09	20.72	0	0.46	0.1	0.04	0.08	0.75	1.25	0.28	0.002	0.083	15.32	1.01	0.005	1.17	2.57	0.05	0.02	0.04	0
0.04	10.21	0.01	2.84	0	0.43	0.09	0	0.04	0	0	0.089	7.96	1.94	0	2.42	1.66	0.06	0.05	0.05	0
0.03	23.31	0.04	0.78	0.07	0.11	0.09	1.41	0.37	0.79	0.79	0.085	5.17	1.47	0.007	2.74	0.19	0.06	0.05	0.08	0
0.07	28.34	0.05	2.91	0.08	0.34	0.01	0.02	0.16	0	0.91	0.176	6.38	0.1	0.009	9.16	0.19	0.05	0.01	0.09	0
4.36	24.53	0.24	1.06	0.04	7.41	0.52	1.83	0.77	0	0.67	0.089	11.99	1.19	0.001	5.93	4.3	0.1	0.16	0.07	0
0.09	7.04	0.07	0.2	0.04	0.14	0.06	0.08	0.36	0	0.005	0.092	0.37	0.92	0.008	1.57	0.72	0.09	0.05	0.04	0
0.05	23.55	0.08	0.96	0.1	0.02	0.04	0.03	0.45	0	0	0.128	4.27	1.79	0.002	5.14	1.34	0.01	0.08	0.07	0
1.97	23.76	0.38	0.88	0.07	1.96	0.42	1.56	1.07	0	0	0.001	2.56	1.78	0.008	45.16	2.88	0.03	0.46	0	0
0	3.72	0.07	0.44	0	0.3	0.03	0.09	0.61	0	0	0.03	2.03	1.19	0.009	0.12	3.6	0	0.05	0.04	0
0.02	8.52	0.61	1.95	0.13	1.66	0.19	0.09	0.21	0.98	0.98	0.01	2.79	1.79	0.002	22.67	1.54	0.09	0.16	0.01	0
0.09	13.51	0.01	0.38	0.09	0.07	0.08	0.03	1.1	0	0.5	0.194	4.53	0.32	0	0.01	0.63	0.05	0.03	0.02	0
0.09	28.34	0.05	0.32	0.01	0.07	0.03	1.51	0.36	0	0.78	0.159	13.51	0.36	0.008	2.15	0.45	0.07	0.02	0.07	0
0.09	24.69	0.03	0.83	0.07	0.37	0.08	0.15	1.19	0.09	0.005	0.032	15.36	1.24	0.005	0.1	5	0.09	0.09	0.06	0
0.06	13.23	0.1	2	0.01	0.24	0.02	0.04	0.55	0.58	0.58	0.127	1.76	1.8	0.004	0.51	2.76	0.03	0.03	0.01	0
